<!--
/*
 * Copyright (c) 2021 Qualcomm Technologies, Inc.
 * All Rights Reserved.
 * Confidential and Proprietary - Qualcomm Technologies, Inc.
 *
*/

/******************************************************************************
 * Copyright (c) 2020, The Linux Foundation. All rights reserved.
 *
 * Redistribution and use in source and binary forms, with or without
 * modification, are permitted provided that the following conditions are
 * met:
 *     * Redistributions of source code must retain the above copyright
 *       notice, this list of conditions and the following disclaimer.
 *     * Redistributions in binary form must reproduce the above
 *       copyright notice, this list of conditions and the following
 *       disclaimer in the documentation and/or other materials provided
 *       with the distribution.
 *     * Neither the name of The Linux Foundation nor the names of its
 *       contributors may be used to endorse or promote products derived
 *       from this software without specific prior written permission.
 *
 * THIS SOFTWARE IS PROVIDED "AS IS" AND ANY EXPRESS OR IMPLIED
 * WARRANTIES, INCLUDING, BUT NOT LIMITED TO, THE IMPLIED WARRANTIES OF
 * MERCHANTABILITY, FITNESS FOR A PARTICULAR PURPOSE AND NON-INFRINGEMENT
 * ARE DISCLAIMED.  IN NO EVENT SHALL THE COPYRIGHT OWNER OR CONTRIBUTORS
 * BE LIABLE FOR ANY DIRECT, INDIRECT, INCIDENTAL, SPECIAL, EXEMPLARY, OR
 * CONSEQUENTIAL DAMAGES (INCLUDING, BUT NOT LIMITED TO, PROCUREMENT OF
 * SUBSTITUTE GOODS OR SERVICES; LOSS OF USE, DATA, OR PROFITS; OR
 * BUSINESS INTERRUPTION) HOWEVER CAUSED AND ON ANY THEORY OF LIABILITY,
 * WHETHER IN CONTRACT, STRICT LIABILITY, OR TORT (INCLUDING NEGLIGENCE
 * OR OTHERWISE) ARISING IN ANY WAY OUT OF THE USE OF THIS SOFTWARE, EVEN
 * IF ADVISED OF THE POSSIBILITY OF SUCH DAMAGE.
 *
 ******************************************************************************/
-->
<LEAudioConfig>

<TMAP>
	<LC3Q>
		<CodecCapabilitiesForVoice>
			<CodecSettings>
				<CodecVersion>1</CodecVersion>
				<SamplingFrequencyInHz>32000</SamplingFrequencyInHz>
				<FrameDurationInMicroSecs>10000</FrameDurationInMicroSecs>
				<OctetsPerCodecFrame>80</OctetsPerCodecFrame>
				<Mandatory>0</Mandatory>
			</CodecSettings>
			<CodecSettings>
				<CodecVersion>0</CodecVersion>
				<SamplingFrequencyInHz>32000</SamplingFrequencyInHz>
				<FrameDurationInMicroSecs>10000</FrameDurationInMicroSecs>
				<OctetsPerCodecFrame>80</OctetsPerCodecFrame>
				<Mandatory>0</Mandatory>
			</CodecSettings>
			<CodecSettings>
				<CodecVersion>0</CodecVersion>
				<SamplingFrequencyInHz>32000</SamplingFrequencyInHz>
				<FrameDurationInMicroSecs>7500</FrameDurationInMicroSecs>
				<OctetsPerCodecFrame>60</OctetsPerCodecFrame>
				<Mandatory>0</Mandatory>
			</CodecSettings>
			<CodecSettings>
				<CodecVersion>0</CodecVersion>
				<SamplingFrequencyInHz>24000</SamplingFrequencyInHz>
				<FrameDurationInMicroSecs>7500</FrameDurationInMicroSecs>
				<OctetsPerCodecFrame>45</OctetsPerCodecFrame>
				<Mandatory>0</Mandatory>
			</CodecSettings>
			<CodecSettings>
				<CodecVersion>0</CodecVersion>
				<SamplingFrequencyInHz>24000</SamplingFrequencyInHz>
				<FrameDurationInMicroSecs>10000</FrameDurationInMicroSecs>
				<OctetsPerCodecFrame>60</OctetsPerCodecFrame>
				<Mandatory>0</Mandatory>
			</CodecSettings>
			<CodecSettings>
				<CodecVersion>0</CodecVersion>
				<SamplingFrequencyInHz>16000</SamplingFrequencyInHz>
				<FrameDurationInMicroSecs>7500</FrameDurationInMicroSecs>
				<OctetsPerCodecFrame>30</OctetsPerCodecFrame>
				<Mandatory>0</Mandatory>
			</CodecSettings>
			<CodecSettings>
				<CodecVersion>0</CodecVersion>
				<SamplingFrequencyInHz>16000</SamplingFrequencyInHz>
				<FrameDurationInMicroSecs>10000</FrameDurationInMicroSecs>
				<OctetsPerCodecFrame>40</OctetsPerCodecFrame>
				<Mandatory>0</Mandatory>
			</CodecSettings>
		</CodecCapabilitiesForVoice>
		<CodecCapabilitiesForMedia>
			<CodecSettings>
				<CodecVersion>1</CodecVersion>
				<SamplingFrequencyInHz>48000</SamplingFrequencyInHz>
				<FrameDurationInMicroSecs>10000</FrameDurationInMicroSecs>
				<OctetsPerCodecFrame>120</OctetsPerCodecFrame>
				<Mandatory>0</Mandatory>
			</CodecSettings>
			<CodecSettings>
				<CodecVersion>0</CodecVersion>
				<SamplingFrequencyInHz>48000</SamplingFrequencyInHz>
				<FrameDurationInMicroSecs>10000</FrameDurationInMicroSecs>
				<OctetsPerCodecFrame>120</OctetsPerCodecFrame>
				<Mandatory>0</Mandatory>
			</CodecSettings>
			<CodecSettings>
				<CodecVersion>0</CodecVersion>
				<SamplingFrequencyInHz>48000</SamplingFrequencyInHz>
				<FrameDurationInMicroSecs>10000</FrameDurationInMicroSecs>
				<OctetsPerCodecFrame>155</OctetsPerCodecFrame>
				<Mandatory>0</Mandatory>
			</CodecSettings>
			<CodecSettings>
				<CodecVersion>0</CodecVersion>
				<SamplingFrequencyInHz>48000</SamplingFrequencyInHz>
				<FrameDurationInMicroSecs>7500</FrameDurationInMicroSecs>
				<OctetsPerCodecFrame>117</OctetsPerCodecFrame>
				<Mandatory>0</Mandatory>
			</CodecSettings>
			<CodecSettings>
				<CodecVersion>0</CodecVersion>
				<SamplingFrequencyInHz>48000</SamplingFrequencyInHz>
				<FrameDurationInMicroSecs>7500</FrameDurationInMicroSecs>
				<OctetsPerCodecFrame>90</OctetsPerCodecFrame>
				<Mandatory>0</Mandatory>
			</CodecSettings>
			<CodecSettings>
				<CodecVersion>0</CodecVersion>
				<SamplingFrequencyInHz>48000</SamplingFrequencyInHz>
				<FrameDurationInMicroSecs>10000</FrameDurationInMicroSecs>
				<OctetsPerCodecFrame>100</OctetsPerCodecFrame>
				<Mandatory>0</Mandatory>
			</CodecSettings>
			<CodecSettings>
				<CodecVersion>0</CodecVersion>
				<SamplingFrequencyInHz>48000</SamplingFrequencyInHz>
				<FrameDurationInMicroSecs>7500</FrameDurationInMicroSecs>
				<OctetsPerCodecFrame>75</OctetsPerCodecFrame>
				<Mandatory>0</Mandatory>
			</CodecSettings>
			<CodecSettings>
				<CodecVersion>0</CodecVersion>
				<SamplingFrequencyInHz>32000</SamplingFrequencyInHz>
				<FrameDurationInMicroSecs>10000</FrameDurationInMicroSecs>
				<OctetsPerCodecFrame>80</OctetsPerCodecFrame>
				<Mandatory>0</Mandatory>
			</CodecSettings>
			<CodecSettings>
				<CodecVersion>0</CodecVersion>
				<SamplingFrequencyInHz>32000</SamplingFrequencyInHz>
				<FrameDurationInMicroSecs>7500</FrameDurationInMicroSecs>
				<OctetsPerCodecFrame>60</OctetsPerCodecFrame>
				<Mandatory>0</Mandatory>
			</CodecSettings>
			<CodecSettings>
				<CodecVersion>0</CodecVersion>
				<SamplingFrequencyInHz>24000</SamplingFrequencyInHz>
				<FrameDurationInMicroSecs>10000</FrameDurationInMicroSecs>
				<OctetsPerCodecFrame>60</OctetsPerCodecFrame>
				<Mandatory>0</Mandatory>
			</CodecSettings>
			<CodecSettings>
				<CodecVersion>0</CodecVersion>
				<SamplingFrequencyInHz>24000</SamplingFrequencyInHz>
				<FrameDurationInMicroSecs>7500</FrameDurationInMicroSecs>
				<OctetsPerCodecFrame>45</OctetsPerCodecFrame>
				<Mandatory>0</Mandatory>
			</CodecSettings>
			<CodecSettings>
				<CodecVersion>0</CodecVersion>
				<SamplingFrequencyInHz>16000</SamplingFrequencyInHz>
				<FrameDurationInMicroSecs>10000</FrameDurationInMicroSecs>
				<OctetsPerCodecFrame>40</OctetsPerCodecFrame>
				<Mandatory>0</Mandatory>
			</CodecSettings>
			<CodecSettings>
				<CodecVersion>0</CodecVersion>
				<SamplingFrequencyInHz>16000</SamplingFrequencyInHz>
				<FrameDurationInMicroSecs>7500</FrameDurationInMicroSecs>
				<OctetsPerCodecFrame>30</OctetsPerCodecFrame>
				<Mandatory>0</Mandatory>
			</CodecSettings>
			<CodecSettings>
				<CodecVersion>0</CodecVersion>
				<SamplingFrequencyInHz>8000</SamplingFrequencyInHz>
				<FrameDurationInMicroSecs>10000</FrameDurationInMicroSecs>
				<OctetsPerCodecFrame>30</OctetsPerCodecFrame>
				<Mandatory>0</Mandatory>
			</CodecSettings>
			<CodecSettings>
				<CodecVersion>0</CodecVersion>
				<SamplingFrequencyInHz>8000</SamplingFrequencyInHz>
				<FrameDurationInMicroSecs>7500</FrameDurationInMicroSecs>
				<OctetsPerCodecFrame>26</OctetsPerCodecFrame>
				<Mandatory>0</Mandatory>
			</CodecSettings>
		</CodecCapabilitiesForMedia>
		<QosSettingsForLowLatencyVoice>
			<QoSSettings>
				<CodecVersion>0</CodecVersion>
				<SamplingFrequencyInHz>16000</SamplingFrequencyInHz>
				<SDUIntervalInMicroSecs>7500</SDUIntervalInMicroSecs>
				<Framing>0</Framing>
				<MaxSDUSize>30</MaxSDUSize>
				<RetransmissionNumber>2</RetransmissionNumber>
				<MaxTransportLatency>8</MaxTransportLatency>
				<PresentationDelay>40000</PresentationDelay>
				<Mandatory>0</Mandatory>
			</QoSSettings>
			<QoSSettings>
				<CodecVersion>0</CodecVersion>
				<SamplingFrequencyInHz>16000</SamplingFrequencyInHz>
				<SDUIntervalInMicroSecs>10000</SDUIntervalInMicroSecs>
				<Framing>0</Framing>
				<MaxSDUSize>40</MaxSDUSize>
				<RetransmissionNumber>4</RetransmissionNumber>
				<MaxTransportLatency>8</MaxTransportLatency>
				<PresentationDelay>40000</PresentationDelay>
				<Mandatory>0</Mandatory>
			</QoSSettings>
			<QoSSettings>
				<CodecVersion>0</CodecVersion>
				<SamplingFrequencyInHz>24000</SamplingFrequencyInHz>
				<SDUIntervalInMicroSecs>7500</SDUIntervalInMicroSecs>
				<Framing>0</Framing>
				<MaxSDUSize>45</MaxSDUSize>
				<RetransmissionNumber>2</RetransmissionNumber>
				<MaxTransportLatency>8</MaxTransportLatency>
				<PresentationDelay>40000</PresentationDelay>
				<Mandatory>0</Mandatory>
			</QoSSettings>
			<QoSSettings>
				<CodecVersion>0</CodecVersion>
				<SamplingFrequencyInHz>24000</SamplingFrequencyInHz>
				<SDUIntervalInMicroSecs>10000</SDUIntervalInMicroSecs>
				<Framing>0</Framing>
				<MaxSDUSize>60</MaxSDUSize>
				<RetransmissionNumber>2</RetransmissionNumber>
				<MaxTransportLatency>10</MaxTransportLatency>
				<PresentationDelay>40000</PresentationDelay>
				<Mandatory>0</Mandatory>
			</QoSSettings>
			<QoSSettings>
				<CodecVersion>0</CodecVersion>
				<SamplingFrequencyInHz>32000</SamplingFrequencyInHz>
				<SDUIntervalInMicroSecs>7500</SDUIntervalInMicroSecs>
				<Framing>0</Framing>
				<MaxSDUSize>60</MaxSDUSize>
				<RetransmissionNumber>3</RetransmissionNumber>
				<MaxTransportLatency>22</MaxTransportLatency>
				<PresentationDelay>18000</PresentationDelay>
				<Mandatory>0</Mandatory>
			</QoSSettings>
			<QoSSettings>
				<CodecVersion>1</CodecVersion>
				<SamplingFrequencyInHz>32000</SamplingFrequencyInHz>
				<SDUIntervalInMicroSecs>10000</SDUIntervalInMicroSecs>
				<Framing>0</Framing>
				<MaxSDUSize>80</MaxSDUSize>
				<RetransmissionNumber>2</RetransmissionNumber>
				<MaxTransportLatency>7</MaxTransportLatency>
				<PresentationDelay>40000</PresentationDelay>
				<Mandatory>0</Mandatory>
			</QoSSettings>
			<QoSSettings>
				<CodecVersion>0</CodecVersion>
				<SamplingFrequencyInHz>32000</SamplingFrequencyInHz>
				<SDUIntervalInMicroSecs>10000</SDUIntervalInMicroSecs>
				<Framing>0</Framing>
				<MaxSDUSize>80</MaxSDUSize>
				<RetransmissionNumber>2</RetransmissionNumber>
				<MaxTransportLatency>7</MaxTransportLatency>
				<PresentationDelay>40000</PresentationDelay>
				<Mandatory>0</Mandatory>
			</QoSSettings>
		</QosSettingsForLowLatencyVoice>

		<QosSettingsForLowLatencyMedia>
		</QosSettingsForLowLatencyMedia>

		<QosSettingsForHighReliabilityMedia>
			<QoSSettings>
				<CodecVersion>0</CodecVersion>
				<SamplingFrequencyInHz>8000</SamplingFrequencyInHz>
				<SDUIntervalInMicroSecs>7500</SDUIntervalInMicroSecs>
				<Framing>0</Framing>
				<MaxSDUSize>26</MaxSDUSize>
				<RetransmissionNumber>13</RetransmissionNumber>
				<MaxTransportLatency>75</MaxTransportLatency>
				<PresentationDelay>40000</PresentationDelay>
				<Mandatory>0</Mandatory>
			</QoSSettings>
			<QoSSettings>
				<CodecVersion>0</CodecVersion>
				<SamplingFrequencyInHz>8000</SamplingFrequencyInHz>
				<SDUIntervalInMicroSecs>10000</SDUIntervalInMicroSecs>
				<Framing>0</Framing>
				<MaxSDUSize>30</MaxSDUSize>
				<RetransmissionNumber>13</RetransmissionNumber>
				<MaxTransportLatency>95</MaxTransportLatency>
				<PresentationDelay>40000</PresentationDelay>
				<Mandatory>0</Mandatory>
			</QoSSettings>
			<QoSSettings>
				<CodecVersion>0</CodecVersion>
				<SamplingFrequencyInHz>16000</SamplingFrequencyInHz>
				<SDUIntervalInMicroSecs>7500</SDUIntervalInMicroSecs>
				<Framing>0</Framing>
				<MaxSDUSize>30</MaxSDUSize>
				<RetransmissionNumber>13</RetransmissionNumber>
				<MaxTransportLatency>75</MaxTransportLatency>
				<PresentationDelay>40000</PresentationDelay>
				<Mandatory>0</Mandatory>
			</QoSSettings>
			<QoSSettings>
				<CodecVersion>0</CodecVersion>
				<SamplingFrequencyInHz>16000</SamplingFrequencyInHz>
				<SDUIntervalInMicroSecs>10000</SDUIntervalInMicroSecs>
				<Framing>0</Framing>
				<MaxSDUSize>40</MaxSDUSize>
				<RetransmissionNumber>13</RetransmissionNumber>
				<MaxTransportLatency>95</MaxTransportLatency>
				<PresentationDelay>40000</PresentationDelay>
				<Mandatory>0</Mandatory>
			</QoSSettings>
			<QoSSettings>
				<CodecVersion>0</CodecVersion>
				<SamplingFrequencyInHz>24000</SamplingFrequencyInHz>
				<SDUIntervalInMicroSecs>7500</SDUIntervalInMicroSecs>
				<Framing>0</Framing>
				<MaxSDUSize>45</MaxSDUSize>
				<RetransmissionNumber>13</RetransmissionNumber>
				<MaxTransportLatency>75</MaxTransportLatency>
				<PresentationDelay>40000</PresentationDelay>
				<Mandatory>0</Mandatory>
			</QoSSettings>
			<QoSSettings>
				<CodecVersion>0</CodecVersion>
				<SamplingFrequencyInHz>24000</SamplingFrequencyInHz>
				<SDUIntervalInMicroSecs>10000</SDUIntervalInMicroSecs>
				<Framing>0</Framing>
				<MaxSDUSize>60</MaxSDUSize>
				<RetransmissionNumber>13</RetransmissionNumber>
				<MaxTransportLatency>95</MaxTransportLatency>
				<PresentationDelay>40000</PresentationDelay>
				<Mandatory>0</Mandatory>
			</QoSSettings>
			<QoSSettings>
				<CodecVersion>0</CodecVersion>
				<SamplingFrequencyInHz>32000</SamplingFrequencyInHz>
				<SDUIntervalInMicroSecs>7500</SDUIntervalInMicroSecs>
				<Framing>0</Framing>
				<MaxSDUSize>60</MaxSDUSize>
				<RetransmissionNumber>13</RetransmissionNumber>
				<MaxTransportLatency>75</MaxTransportLatency>
				<PresentationDelay>40000</PresentationDelay>
				<Mandatory>0</Mandatory>
			</QoSSettings>
			<QoSSettings>
				<CodecVersion>0</CodecVersion>
				<SamplingFrequencyInHz>32000</SamplingFrequencyInHz>
				<SDUIntervalInMicroSecs>10000</SDUIntervalInMicroSecs>
				<Framing>0</Framing>
				<MaxSDUSize>80</MaxSDUSize>
				<RetransmissionNumber>13</RetransmissionNumber>
				<MaxTransportLatency>95</MaxTransportLatency>
				<PresentationDelay>40000</PresentationDelay>
				<Mandatory>0</Mandatory>
			</QoSSettings>
			<QoSSettings>
				<CodecVersion>0</CodecVersion>
				<SamplingFrequencyInHz>48000</SamplingFrequencyInHz>
				<SDUIntervalInMicroSecs>7500</SDUIntervalInMicroSecs>
				<Framing>0</Framing>
				<MaxSDUSize>75</MaxSDUSize>
				<RetransmissionNumber>13</RetransmissionNumber>
				<MaxTransportLatency>75</MaxTransportLatency>
				<PresentationDelay>40000</PresentationDelay>
				<Mandatory>0</Mandatory>
			</QoSSettings>
			<QoSSettings>
				<CodecVersion>0</CodecVersion>
				<SamplingFrequencyInHz>48000</SamplingFrequencyInHz>
				<SDUIntervalInMicroSecs>10000</SDUIntervalInMicroSecs>
				<Framing>0</Framing>
				<MaxSDUSize>100</MaxSDUSize>
				<RetransmissionNumber>13</RetransmissionNumber>
				<MaxTransportLatency>95</MaxTransportLatency>
				<PresentationDelay>40000</PresentationDelay>
				<Mandatory>0</Mandatory>
			</QoSSettings>
			<QoSSettings>
				<CodecVersion>0</CodecVersion>
				<SamplingFrequencyInHz>48000</SamplingFrequencyInHz>
				<SDUIntervalInMicroSecs>7500</SDUIntervalInMicroSecs>
				<Framing>0</Framing>
				<MaxSDUSize>90</MaxSDUSize>
				<RetransmissionNumber>13</RetransmissionNumber>
				<MaxTransportLatency>75</MaxTransportLatency>
				<PresentationDelay>40000</PresentationDelay>
				<Mandatory>0</Mandatory>
			</QoSSettings>
			<QoSSettings>
				<CodecVersion>1</CodecVersion>
				<SamplingFrequencyInHz>48000</SamplingFrequencyInHz>
				<SDUIntervalInMicroSecs>10000</SDUIntervalInMicroSecs>
				<Framing>0</Framing>
				<MaxSDUSize>120</MaxSDUSize>
				<RetransmissionNumber>27</RetransmissionNumber>
				<MaxTransportLatency>84</MaxTransportLatency>
				<PresentationDelay>40000</PresentationDelay>
				<Mandatory>0</Mandatory>
			</QoSSettings>
			<QoSSettings>
				<CodecVersion>0</CodecVersion>
				<SamplingFrequencyInHz>48000</SamplingFrequencyInHz>
				<SDUIntervalInMicroSecs>10000</SDUIntervalInMicroSecs>
				<Framing>0</Framing>
				<MaxSDUSize>120</MaxSDUSize>
				<RetransmissionNumber>27</RetransmissionNumber>
				<MaxTransportLatency>84</MaxTransportLatency>
				<PresentationDelay>40000</PresentationDelay>
				<Mandatory>0</Mandatory>
			</QoSSettings>
			<QoSSettings>
				<CodecVersion>0</CodecVersion>
				<SamplingFrequencyInHz>48000</SamplingFrequencyInHz>
				<SDUIntervalInMicroSecs>7500</SDUIntervalInMicroSecs>
				<Framing>0</Framing>
				<MaxSDUSize>117</MaxSDUSize>
				<RetransmissionNumber>13</RetransmissionNumber>
				<MaxTransportLatency>75</MaxTransportLatency>
				<PresentationDelay>40000</PresentationDelay>
				<Mandatory>0</Mandatory>
			</QoSSettings>
			<QoSSettings>
				<CodecVersion>0</CodecVersion>
				<SamplingFrequencyInHz>48000</SamplingFrequencyInHz>
				<SDUIntervalInMicroSecs>10000</SDUIntervalInMicroSecs>
				<Framing>0</Framing>
				<MaxSDUSize>155</MaxSDUSize>
				<RetransmissionNumber>13</RetransmissionNumber>
				<MaxTransportLatency>100</MaxTransportLatency>
				<PresentationDelay>40000</PresentationDelay>
				<Mandatory>0</Mandatory>
			</QoSSettings>
		</QosSettingsForHighReliabilityMedia>
	</LC3Q>

	<AAR3>
		<CodecCapabilitiesForVoice>
		</CodecCapabilitiesForVoice>
		<CodecCapabilitiesForMedia>
			<CodecSettings>
				<CodecVersion>1</CodecVersion>
				<SamplingFrequencyInHz>48000</SamplingFrequencyInHz>
				<FrameDurationInMicroSecs>15000</FrameDurationInMicroSecs>
				<OctetsPerCodecFrame>1242</OctetsPerCodecFrame>
				<Mandatory>0</Mandatory>
			</CodecSettings>
			<CodecSettings>
				<CodecVersion>1</CodecVersion>
				<SamplingFrequencyInHz>96000</SamplingFrequencyInHz>
				<FrameDurationInMicroSecs>15000</FrameDurationInMicroSecs>
				<OctetsPerCodecFrame>1242</OctetsPerCodecFrame>
				<Mandatory>0</Mandatory>
			</CodecSettings>
		</CodecCapabilitiesForMedia>

		<QosSettingsForLowLatencyVoice>
		</QosSettingsForLowLatencyVoice>

		<QosSettingsForLowLatencyMedia>
		</QosSettingsForLowLatencyMedia>

		<QosSettingsForHighReliabilityMedia>
			<QoSSettings>
				<CodecVersion>1</CodecVersion>
				<SamplingFrequencyInHz>48000</SamplingFrequencyInHz>
				<SDUIntervalInMicroSecs>15000</SDUIntervalInMicroSecs>
				<Framing>0</Framing>
				<MaxSDUSize>1242</MaxSDUSize>
				<RetransmissionNumber>15</RetransmissionNumber>
				<MaxTransportLatency>11</MaxTransportLatency>
				<PresentationDelay>25000</PresentationDelay>
				<Mandatory>0</Mandatory>
			</QoSSettings>
			<QoSSettings>
				<CodecVersion>1</CodecVersion>
				<SamplingFrequencyInHz>96000</SamplingFrequencyInHz>
				<SDUIntervalInMicroSecs>15000</SDUIntervalInMicroSecs>
				<Framing>0</Framing>
				<MaxSDUSize>1242</MaxSDUSize>
				<RetransmissionNumber>15</RetransmissionNumber>
				<MaxTransportLatency>11</MaxTransportLatency>
				<PresentationDelay>25000</PresentationDelay>
				<Mandatory>0</Mandatory>
			</QoSSettings>
		</QosSettingsForHighReliabilityMedia>
	</AAR3>
</TMAP>

<BAP>
	<LC3Q>
		<CodecCapabilitiesForVoice>
			<CodecSettings>
				<CodecVersion>1</CodecVersion>
				<SamplingFrequencyInHz>32000</SamplingFrequencyInHz>
				<FrameDurationInMicroSecs>10000</FrameDurationInMicroSecs>
				<OctetsPerCodecFrame>80</OctetsPerCodecFrame>
				<Mandatory>0</Mandatory>
			</CodecSettings>
			<CodecSettings>
				<CodecVersion>0</CodecVersion>
				<SamplingFrequencyInHz>32000</SamplingFrequencyInHz>
				<FrameDurationInMicroSecs>10000</FrameDurationInMicroSecs>
				<OctetsPerCodecFrame>80</OctetsPerCodecFrame>
				<Mandatory>0</Mandatory>
			</CodecSettings>
			<CodecSettings>
				<CodecVersion>0</CodecVersion>
				<SamplingFrequencyInHz>32000</SamplingFrequencyInHz>
				<FrameDurationInMicroSecs>7500</FrameDurationInMicroSecs>
				<OctetsPerCodecFrame>60</OctetsPerCodecFrame>
				<Mandatory>0</Mandatory>
			</CodecSettings>
			<CodecSettings>
				<CodecVersion>0</CodecVersion>
				<SamplingFrequencyInHz>24000</SamplingFrequencyInHz>
				<FrameDurationInMicroSecs>7500</FrameDurationInMicroSecs>
				<OctetsPerCodecFrame>45</OctetsPerCodecFrame>
				<Mandatory>0</Mandatory>
			</CodecSettings>
			<CodecSettings>
				<CodecVersion>0</CodecVersion>
				<SamplingFrequencyInHz>24000</SamplingFrequencyInHz>
				<FrameDurationInMicroSecs>10000</FrameDurationInMicroSecs>
				<OctetsPerCodecFrame>60</OctetsPerCodecFrame>
				<Mandatory>0</Mandatory>
			</CodecSettings>
			<CodecSettings>
				<CodecVersion>0</CodecVersion>
				<SamplingFrequencyInHz>16000</SamplingFrequencyInHz>
				<FrameDurationInMicroSecs>7500</FrameDurationInMicroSecs>
				<OctetsPerCodecFrame>30</OctetsPerCodecFrame>
				<Mandatory>0</Mandatory>
			</CodecSettings>
			<CodecSettings>
				<CodecVersion>0</CodecVersion>
				<SamplingFrequencyInHz>16000</SamplingFrequencyInHz>
				<FrameDurationInMicroSecs>10000</FrameDurationInMicroSecs>
				<OctetsPerCodecFrame>40</OctetsPerCodecFrame>
				<Mandatory>0</Mandatory>
			</CodecSettings>
		</CodecCapabilitiesForVoice>
		<CodecCapabilitiesForMedia>
			<CodecSettings>
				<CodecVersion>1</CodecVersion>
				<SamplingFrequencyInHz>48000</SamplingFrequencyInHz>
				<FrameDurationInMicroSecs>10000</FrameDurationInMicroSecs>
				<OctetsPerCodecFrame>120</OctetsPerCodecFrame>
				<Mandatory>0</Mandatory>
			</CodecSettings>
			<CodecSettings>
				<CodecVersion>0</CodecVersion>
				<SamplingFrequencyInHz>48000</SamplingFrequencyInHz>
				<FrameDurationInMicroSecs>10000</FrameDurationInMicroSecs>
				<OctetsPerCodecFrame>120</OctetsPerCodecFrame>
				<Mandatory>0</Mandatory>
			</CodecSettings>
			<CodecSettings>
				<CodecVersion>0</CodecVersion>
				<SamplingFrequencyInHz>48000</SamplingFrequencyInHz>
				<FrameDurationInMicroSecs>10000</FrameDurationInMicroSecs>
				<OctetsPerCodecFrame>155</OctetsPerCodecFrame>
				<Mandatory>0</Mandatory>
			</CodecSettings>
			<CodecSettings>
				<CodecVersion>0</CodecVersion>
				<SamplingFrequencyInHz>48000</SamplingFrequencyInHz>
				<FrameDurationInMicroSecs>7500</FrameDurationInMicroSecs>
				<OctetsPerCodecFrame>117</OctetsPerCodecFrame>
				<Mandatory>0</Mandatory>
			</CodecSettings>
			<CodecSettings>
				<CodecVersion>0</CodecVersion>
				<SamplingFrequencyInHz>48000</SamplingFrequencyInHz>
				<FrameDurationInMicroSecs>7500</FrameDurationInMicroSecs>
				<OctetsPerCodecFrame>90</OctetsPerCodecFrame>
				<Mandatory>0</Mandatory>
			</CodecSettings>
			<CodecSettings>
				<CodecVersion>0</CodecVersion>
				<SamplingFrequencyInHz>48000</SamplingFrequencyInHz>
				<FrameDurationInMicroSecs>10000</FrameDurationInMicroSecs>
				<OctetsPerCodecFrame>100</OctetsPerCodecFrame>
				<Mandatory>0</Mandatory>
			</CodecSettings>
			<CodecSettings>
				<CodecVersion>0</CodecVersion>
				<SamplingFrequencyInHz>48000</SamplingFrequencyInHz>
				<FrameDurationInMicroSecs>7500</FrameDurationInMicroSecs>
				<OctetsPerCodecFrame>75</OctetsPerCodecFrame>
				<Mandatory>0</Mandatory>
			</CodecSettings>
			<CodecSettings>
				<CodecVersion>0</CodecVersion>
				<SamplingFrequencyInHz>32000</SamplingFrequencyInHz>
				<FrameDurationInMicroSecs>10000</FrameDurationInMicroSecs>
				<OctetsPerCodecFrame>80</OctetsPerCodecFrame>
				<Mandatory>0</Mandatory>
			</CodecSettings>
			<CodecSettings>
				<CodecVersion>0</CodecVersion>
				<SamplingFrequencyInHz>32000</SamplingFrequencyInHz>
				<FrameDurationInMicroSecs>7500</FrameDurationInMicroSecs>
				<OctetsPerCodecFrame>60</OctetsPerCodecFrame>
				<Mandatory>0</Mandatory>
			</CodecSettings>
			<CodecSettings>
				<CodecVersion>0</CodecVersion>
				<SamplingFrequencyInHz>24000</SamplingFrequencyInHz>
				<FrameDurationInMicroSecs>10000</FrameDurationInMicroSecs>
				<OctetsPerCodecFrame>60</OctetsPerCodecFrame>
				<Mandatory>0</Mandatory>
			</CodecSettings>
			<CodecSettings>
				<CodecVersion>0</CodecVersion>
				<SamplingFrequencyInHz>24000</SamplingFrequencyInHz>
				<FrameDurationInMicroSecs>7500</FrameDurationInMicroSecs>
				<OctetsPerCodecFrame>45</OctetsPerCodecFrame>
				<Mandatory>0</Mandatory>
			</CodecSettings>
			<CodecSettings>
				<CodecVersion>0</CodecVersion>
				<SamplingFrequencyInHz>16000</SamplingFrequencyInHz>
				<FrameDurationInMicroSecs>10000</FrameDurationInMicroSecs>
				<OctetsPerCodecFrame>40</OctetsPerCodecFrame>
				<Mandatory>0</Mandatory>
			</CodecSettings>
			<CodecSettings>
				<CodecVersion>0</CodecVersion>
				<SamplingFrequencyInHz>16000</SamplingFrequencyInHz>
				<FrameDurationInMicroSecs>7500</FrameDurationInMicroSecs>
				<OctetsPerCodecFrame>30</OctetsPerCodecFrame>
				<Mandatory>0</Mandatory>
			</CodecSettings>
			<CodecSettings>
				<CodecVersion>0</CodecVersion>
				<SamplingFrequencyInHz>8000</SamplingFrequencyInHz>
				<FrameDurationInMicroSecs>10000</FrameDurationInMicroSecs>
				<OctetsPerCodecFrame>30</OctetsPerCodecFrame>
				<Mandatory>0</Mandatory>
			</CodecSettings>
			<CodecSettings>
				<CodecVersion>0</CodecVersion>
				<SamplingFrequencyInHz>8000</SamplingFrequencyInHz>
				<FrameDurationInMicroSecs>7500</FrameDurationInMicroSecs>
				<OctetsPerCodecFrame>26</OctetsPerCodecFrame>
				<Mandatory>0</Mandatory>
			</CodecSettings>
		</CodecCapabilitiesForMedia>
		<QosSettingsForLowLatencyVoice>
			<QoSSettings>
				<CodecVersion>0</CodecVersion>
				<SamplingFrequencyInHz>16000</SamplingFrequencyInHz>
				<SDUIntervalInMicroSecs>7500</SDUIntervalInMicroSecs>
				<Framing>0</Framing>
				<MaxSDUSize>30</MaxSDUSize>
				<RetransmissionNumber>2</RetransmissionNumber>
				<MaxTransportLatency>8</MaxTransportLatency>
				<PresentationDelay>40000</PresentationDelay>
				<Mandatory>0</Mandatory>
			</QoSSettings>
			<QoSSettings>
				<CodecVersion>0</CodecVersion>
				<SamplingFrequencyInHz>16000</SamplingFrequencyInHz>
				<SDUIntervalInMicroSecs>10000</SDUIntervalInMicroSecs>
				<Framing>0</Framing>
				<MaxSDUSize>40</MaxSDUSize>
				<RetransmissionNumber>4</RetransmissionNumber>
				<MaxTransportLatency>8</MaxTransportLatency>
				<PresentationDelay>40000</PresentationDelay>
				<Mandatory>0</Mandatory>
			</QoSSettings>
			<QoSSettings>
				<CodecVersion>0</CodecVersion>
				<SamplingFrequencyInHz>24000</SamplingFrequencyInHz>
				<SDUIntervalInMicroSecs>7500</SDUIntervalInMicroSecs>
				<Framing>0</Framing>
				<MaxSDUSize>45</MaxSDUSize>
				<RetransmissionNumber>2</RetransmissionNumber>
				<MaxTransportLatency>8</MaxTransportLatency>
				<PresentationDelay>40000</PresentationDelay>
				<Mandatory>0</Mandatory>
			</QoSSettings>
			<QoSSettings>
				<CodecVersion>0</CodecVersion>
				<SamplingFrequencyInHz>24000</SamplingFrequencyInHz>
				<SDUIntervalInMicroSecs>10000</SDUIntervalInMicroSecs>
				<Framing>0</Framing>
				<MaxSDUSize>60</MaxSDUSize>
				<RetransmissionNumber>2</RetransmissionNumber>
				<MaxTransportLatency>10</MaxTransportLatency>
				<PresentationDelay>40000</PresentationDelay>
				<Mandatory>0</Mandatory>
			</QoSSettings>
			<QoSSettings>
				<CodecVersion>0</CodecVersion>
				<SamplingFrequencyInHz>32000</SamplingFrequencyInHz>
				<SDUIntervalInMicroSecs>7500</SDUIntervalInMicroSecs>
				<Framing>0</Framing>
				<MaxSDUSize>60</MaxSDUSize>
				<RetransmissionNumber>3</RetransmissionNumber>
				<MaxTransportLatency>22</MaxTransportLatency>
				<PresentationDelay>18000</PresentationDelay>
				<Mandatory>0</Mandatory>
			</QoSSettings>
			<QoSSettings>
				<CodecVersion>1</CodecVersion>
				<SamplingFrequencyInHz>32000</SamplingFrequencyInHz>
				<SDUIntervalInMicroSecs>10000</SDUIntervalInMicroSecs>
				<Framing>0</Framing>
				<MaxSDUSize>80</MaxSDUSize>
				<RetransmissionNumber>2</RetransmissionNumber>
				<MaxTransportLatency>7</MaxTransportLatency>
				<PresentationDelay>40000</PresentationDelay>
				<Mandatory>0</Mandatory>
			</QoSSettings>
			<QoSSettings>
				<CodecVersion>0</CodecVersion>
				<SamplingFrequencyInHz>32000</SamplingFrequencyInHz>
				<SDUIntervalInMicroSecs>10000</SDUIntervalInMicroSecs>
				<Framing>0</Framing>
				<MaxSDUSize>80</MaxSDUSize>
				<RetransmissionNumber>2</RetransmissionNumber>
				<MaxTransportLatency>7</MaxTransportLatency>
				<PresentationDelay>40000</PresentationDelay>
				<Mandatory>0</Mandatory>
			</QoSSettings>
		</QosSettingsForLowLatencyVoice>

		<QosSettingsForLowLatencyMedia>
		</QosSettingsForLowLatencyMedia>

		<QosSettingsForHighReliabilityMedia>
			<QoSSettings>
				<CodecVersion>0</CodecVersion>
				<SamplingFrequencyInHz>8000</SamplingFrequencyInHz>
				<SDUIntervalInMicroSecs>7500</SDUIntervalInMicroSecs>
				<Framing>0</Framing>
				<MaxSDUSize>26</MaxSDUSize>
				<RetransmissionNumber>13</RetransmissionNumber>
				<MaxTransportLatency>75</MaxTransportLatency>
				<PresentationDelay>40000</PresentationDelay>
				<Mandatory>0</Mandatory>
			</QoSSettings>
			<QoSSettings>
				<CodecVersion>0</CodecVersion>
				<SamplingFrequencyInHz>8000</SamplingFrequencyInHz>
				<SDUIntervalInMicroSecs>10000</SDUIntervalInMicroSecs>
				<Framing>0</Framing>
				<MaxSDUSize>30</MaxSDUSize>
				<RetransmissionNumber>13</RetransmissionNumber>
				<MaxTransportLatency>95</MaxTransportLatency>
				<PresentationDelay>40000</PresentationDelay>
				<Mandatory>0</Mandatory>
			</QoSSettings>
			<QoSSettings>
				<CodecVersion>0</CodecVersion>
				<SamplingFrequencyInHz>16000</SamplingFrequencyInHz>
				<SDUIntervalInMicroSecs>7500</SDUIntervalInMicroSecs>
				<Framing>0</Framing>
				<MaxSDUSize>30</MaxSDUSize>
				<RetransmissionNumber>13</RetransmissionNumber>
				<MaxTransportLatency>75</MaxTransportLatency>
				<PresentationDelay>40000</PresentationDelay>
				<Mandatory>0</Mandatory>
			</QoSSettings>
			<QoSSettings>
				<CodecVersion>0</CodecVersion>
				<SamplingFrequencyInHz>16000</SamplingFrequencyInHz>
				<SDUIntervalInMicroSecs>10000</SDUIntervalInMicroSecs>
				<Framing>0</Framing>
				<MaxSDUSize>40</MaxSDUSize>
				<RetransmissionNumber>13</RetransmissionNumber>
				<MaxTransportLatency>95</MaxTransportLatency>
				<PresentationDelay>40000</PresentationDelay>
				<Mandatory>0</Mandatory>
			</QoSSettings>
			<QoSSettings>
				<CodecVersion>0</CodecVersion>
				<SamplingFrequencyInHz>24000</SamplingFrequencyInHz>
				<SDUIntervalInMicroSecs>7500</SDUIntervalInMicroSecs>
				<Framing>0</Framing>
				<MaxSDUSize>45</MaxSDUSize>
				<RetransmissionNumber>13</RetransmissionNumber>
				<MaxTransportLatency>75</MaxTransportLatency>
				<PresentationDelay>40000</PresentationDelay>
				<Mandatory>0</Mandatory>
			</QoSSettings>
			<QoSSettings>
				<CodecVersion>0</CodecVersion>
				<SamplingFrequencyInHz>24000</SamplingFrequencyInHz>
				<SDUIntervalInMicroSecs>10000</SDUIntervalInMicroSecs>
				<Framing>0</Framing>
				<MaxSDUSize>60</MaxSDUSize>
				<RetransmissionNumber>13</RetransmissionNumber>
				<MaxTransportLatency>95</MaxTransportLatency>
				<PresentationDelay>40000</PresentationDelay>
				<Mandatory>0</Mandatory>
			</QoSSettings>
			<QoSSettings>
				<CodecVersion>0</CodecVersion>
				<SamplingFrequencyInHz>32000</SamplingFrequencyInHz>
				<SDUIntervalInMicroSecs>7500</SDUIntervalInMicroSecs>
				<Framing>0</Framing>
				<MaxSDUSize>60</MaxSDUSize>
				<RetransmissionNumber>13</RetransmissionNumber>
				<MaxTransportLatency>75</MaxTransportLatency>
				<PresentationDelay>40000</PresentationDelay>
				<Mandatory>0</Mandatory>
			</QoSSettings>
			<QoSSettings>
				<CodecVersion>0</CodecVersion>
				<SamplingFrequencyInHz>32000</SamplingFrequencyInHz>
				<SDUIntervalInMicroSecs>10000</SDUIntervalInMicroSecs>
				<Framing>0</Framing>
				<MaxSDUSize>80</MaxSDUSize>
				<RetransmissionNumber>13</RetransmissionNumber>
				<MaxTransportLatency>95</MaxTransportLatency>
				<PresentationDelay>40000</PresentationDelay>
				<Mandatory>0</Mandatory>
			</QoSSettings>
			<QoSSettings>
				<CodecVersion>0</CodecVersion>
				<SamplingFrequencyInHz>48000</SamplingFrequencyInHz>
				<SDUIntervalInMicroSecs>7500</SDUIntervalInMicroSecs>
				<Framing>0</Framing>
				<MaxSDUSize>75</MaxSDUSize>
				<RetransmissionNumber>13</RetransmissionNumber>
				<MaxTransportLatency>75</MaxTransportLatency>
				<PresentationDelay>40000</PresentationDelay>
				<Mandatory>0</Mandatory>
			</QoSSettings>
			<QoSSettings>
				<CodecVersion>0</CodecVersion>
				<SamplingFrequencyInHz>48000</SamplingFrequencyInHz>
				<SDUIntervalInMicroSecs>10000</SDUIntervalInMicroSecs>
				<Framing>0</Framing>
				<MaxSDUSize>100</MaxSDUSize>
				<RetransmissionNumber>13</RetransmissionNumber>
				<MaxTransportLatency>95</MaxTransportLatency>
				<PresentationDelay>40000</PresentationDelay>
				<Mandatory>0</Mandatory>
			</QoSSettings>
			<QoSSettings>
				<CodecVersion>0</CodecVersion>
				<SamplingFrequencyInHz>48000</SamplingFrequencyInHz>
				<SDUIntervalInMicroSecs>7500</SDUIntervalInMicroSecs>
				<Framing>0</Framing>
				<MaxSDUSize>90</MaxSDUSize>
				<RetransmissionNumber>13</RetransmissionNumber>
				<MaxTransportLatency>75</MaxTransportLatency>
				<PresentationDelay>40000</PresentationDelay>
				<Mandatory>0</Mandatory>
			</QoSSettings>
			<QoSSettings>
				<CodecVersion>1</CodecVersion>
				<SamplingFrequencyInHz>48000</SamplingFrequencyInHz>
				<SDUIntervalInMicroSecs>10000</SDUIntervalInMicroSecs>
				<Framing>0</Framing>
				<MaxSDUSize>120</MaxSDUSize>
				<RetransmissionNumber>27</RetransmissionNumber>
				<MaxTransportLatency>84</MaxTransportLatency>
				<PresentationDelay>40000</PresentationDelay>
				<Mandatory>0</Mandatory>
			</QoSSettings>
			<QoSSettings>
				<CodecVersion>0</CodecVersion>
				<SamplingFrequencyInHz>48000</SamplingFrequencyInHz>
				<SDUIntervalInMicroSecs>10000</SDUIntervalInMicroSecs>
				<Framing>0</Framing>
				<MaxSDUSize>120</MaxSDUSize>
				<RetransmissionNumber>27</RetransmissionNumber>
				<MaxTransportLatency>84</MaxTransportLatency>
				<PresentationDelay>40000</PresentationDelay>
				<Mandatory>0</Mandatory>
			</QoSSettings>
			<QoSSettings>
				<CodecVersion>0</CodecVersion>
				<SamplingFrequencyInHz>48000</SamplingFrequencyInHz>
				<SDUIntervalInMicroSecs>7500</SDUIntervalInMicroSecs>
				<Framing>0</Framing>
				<MaxSDUSize>117</MaxSDUSize>
				<RetransmissionNumber>13</RetransmissionNumber>
				<MaxTransportLatency>75</MaxTransportLatency>
				<PresentationDelay>40000</PresentationDelay>
				<Mandatory>0</Mandatory>
			</QoSSettings>
			<QoSSettings>
				<CodecVersion>0</CodecVersion>
				<SamplingFrequencyInHz>48000</SamplingFrequencyInHz>
				<SDUIntervalInMicroSecs>10000</SDUIntervalInMicroSecs>
				<Framing>0</Framing>
				<MaxSDUSize>155</MaxSDUSize>
				<RetransmissionNumber>13</RetransmissionNumber>
				<MaxTransportLatency>100</MaxTransportLatency>
				<PresentationDelay>40000</PresentationDelay>
				<Mandatory>0</Mandatory>
			</QoSSettings>
		</QosSettingsForHighReliabilityMedia>
	</LC3Q>

	<AAR3>
		<CodecCapabilitiesForVoice>
		</CodecCapabilitiesForVoice>
		<CodecCapabilitiesForMedia>
			<CodecSettings>
				<CodecVersion>1</CodecVersion>
				<SamplingFrequencyInHz>48000</SamplingFrequencyInHz>
				<FrameDurationInMicroSecs>15000</FrameDurationInMicroSecs>
				<OctetsPerCodecFrame>1242</OctetsPerCodecFrame>
				<Mandatory>0</Mandatory>
			</CodecSettings>
			<CodecSettings>
				<CodecVersion>1</CodecVersion>
				<SamplingFrequencyInHz>96000</SamplingFrequencyInHz>
				<FrameDurationInMicroSecs>15000</FrameDurationInMicroSecs>
				<OctetsPerCodecFrame>1242</OctetsPerCodecFrame>
				<Mandatory>0</Mandatory>
			</CodecSettings>
		</CodecCapabilitiesForMedia>

		<QosSettingsForLowLatencyVoice>
		</QosSettingsForLowLatencyVoice>

		<QosSettingsForLowLatencyMedia>
		</QosSettingsForLowLatencyMedia>

		<QosSettingsForHighReliabilityMedia>
			<QoSSettings>
				<CodecVersion>1</CodecVersion>
				<SamplingFrequencyInHz>48000</SamplingFrequencyInHz>
				<SDUIntervalInMicroSecs>15000</SDUIntervalInMicroSecs>
				<Framing>0</Framing>
				<MaxSDUSize>1242</MaxSDUSize>
				<RetransmissionNumber>15</RetransmissionNumber>
				<MaxTransportLatency>11</MaxTransportLatency>
				<PresentationDelay>25000</PresentationDelay>
				<Mandatory>0</Mandatory>
			</QoSSettings>
			<QoSSettings>
				<CodecVersion>1</CodecVersion>
				<SamplingFrequencyInHz>96000</SamplingFrequencyInHz>
				<SDUIntervalInMicroSecs>15000</SDUIntervalInMicroSecs>
				<Framing>0</Framing>
				<MaxSDUSize>1242</MaxSDUSize>
				<RetransmissionNumber>15</RetransmissionNumber>
				<MaxTransportLatency>11</MaxTransportLatency>
				<PresentationDelay>25000</PresentationDelay>
				<Mandatory>0</Mandatory>
			</QoSSettings>
		</QosSettingsForHighReliabilityMedia>
	</AAR3>
</BAP>

<GCP>
	<LC3Q>
		<CodecCapabilitiesForVoice>
		</CodecCapabilitiesForVoice>

		<CodecCapabilitiesForMedia>
			<CodecSettings>
				<CodecVersion>2</CodecVersion>
				<SamplingFrequencyInHz>48000</SamplingFrequencyInHz>
				<FrameDurationInMicroSecs>10000</FrameDurationInMicroSecs>
				<OctetsPerCodecFrame>100</OctetsPerCodecFrame>
				<Mandatory>0</Mandatory>
			</CodecSettings>
			<CodecSettings>
				<CodecVersion>1</CodecVersion>
				<SamplingFrequencyInHz>48000</SamplingFrequencyInHz>
				<FrameDurationInMicroSecs>10000</FrameDurationInMicroSecs>
				<OctetsPerCodecFrame>120</OctetsPerCodecFrame>
				<Mandatory>0</Mandatory>
			</CodecSettings>
			<CodecSettings>
				<CodecVersion>0</CodecVersion>
				<SamplingFrequencyInHz>48000</SamplingFrequencyInHz>
				<FrameDurationInMicroSecs>10000</FrameDurationInMicroSecs>
				<OctetsPerCodecFrame>120</OctetsPerCodecFrame>
				<Mandatory>0</Mandatory>
			</CodecSettings>
			<CodecSettings>
				<CodecVersion>0</CodecVersion>
				<SamplingFrequencyInHz>48000</SamplingFrequencyInHz>
				<FrameDurationInMicroSecs>10000</FrameDurationInMicroSecs>
				<OctetsPerCodecFrame>155</OctetsPerCodecFrame>
				<Mandatory>0</Mandatory>
			</CodecSettings>
			<CodecSettings>
				<CodecVersion>0</CodecVersion>
				<SamplingFrequencyInHz>48000</SamplingFrequencyInHz>
				<FrameDurationInMicroSecs>7500</FrameDurationInMicroSecs>
				<OctetsPerCodecFrame>117</OctetsPerCodecFrame>
				<Mandatory>0</Mandatory>
			</CodecSettings>
			<CodecSettings>
				<CodecVersion>0</CodecVersion>
				<SamplingFrequencyInHz>48000</SamplingFrequencyInHz>
				<FrameDurationInMicroSecs>7500</FrameDurationInMicroSecs>
				<OctetsPerCodecFrame>90</OctetsPerCodecFrame>
				<Mandatory>0</Mandatory>
			</CodecSettings>
			<CodecSettings>
				<CodecVersion>0</CodecVersion>
				<SamplingFrequencyInHz>48000</SamplingFrequencyInHz>
				<FrameDurationInMicroSecs>10000</FrameDurationInMicroSecs>
				<OctetsPerCodecFrame>100</OctetsPerCodecFrame>
				<Mandatory>0</Mandatory>
			</CodecSettings>
			<CodecSettings>
				<CodecVersion>0</CodecVersion>
				<SamplingFrequencyInHz>48000</SamplingFrequencyInHz>
				<FrameDurationInMicroSecs>7500</FrameDurationInMicroSecs>
				<OctetsPerCodecFrame>75</OctetsPerCodecFrame>
				<Mandatory>0</Mandatory>
			</CodecSettings>
			<CodecSettings>
				<CodecVersion>0</CodecVersion>
				<SamplingFrequencyInHz>32000</SamplingFrequencyInHz>
				<FrameDurationInMicroSecs>10000</FrameDurationInMicroSecs>
				<OctetsPerCodecFrame>80</OctetsPerCodecFrame>
				<Mandatory>0</Mandatory>
			</CodecSettings>
			<CodecSettings>
				<CodecVersion>0</CodecVersion>
				<SamplingFrequencyInHz>32000</SamplingFrequencyInHz>
				<FrameDurationInMicroSecs>7500</FrameDurationInMicroSecs>
				<OctetsPerCodecFrame>60</OctetsPerCodecFrame>
				<Mandatory>0</Mandatory>
			</CodecSettings>
			<CodecSettings>
				<CodecVersion>0</CodecVersion>
				<SamplingFrequencyInHz>24000</SamplingFrequencyInHz>
				<FrameDurationInMicroSecs>10000</FrameDurationInMicroSecs>
				<OctetsPerCodecFrame>60</OctetsPerCodecFrame>
				<Mandatory>0</Mandatory>
			</CodecSettings>
			<CodecSettings>
				<CodecVersion>0</CodecVersion>
				<SamplingFrequencyInHz>24000</SamplingFrequencyInHz>
				<FrameDurationInMicroSecs>7500</FrameDurationInMicroSecs>
				<OctetsPerCodecFrame>45</OctetsPerCodecFrame>
				<Mandatory>0</Mandatory>
			</CodecSettings>
			<CodecSettings>
				<CodecVersion>0</CodecVersion>
				<SamplingFrequencyInHz>16000</SamplingFrequencyInHz>
				<FrameDurationInMicroSecs>10000</FrameDurationInMicroSecs>
				<OctetsPerCodecFrame>40</OctetsPerCodecFrame>
				<Mandatory>0</Mandatory>
			</CodecSettings>
			<CodecSettings>
				<CodecVersion>0</CodecVersion>
				<SamplingFrequencyInHz>16000</SamplingFrequencyInHz>
				<FrameDurationInMicroSecs>7500</FrameDurationInMicroSecs>
				<OctetsPerCodecFrame>30</OctetsPerCodecFrame>
				<Mandatory>0</Mandatory>
			</CodecSettings>
			<CodecSettings>
				<CodecVersion>0</CodecVersion>
				<SamplingFrequencyInHz>8000</SamplingFrequencyInHz>
				<FrameDurationInMicroSecs>10000</FrameDurationInMicroSecs>
				<OctetsPerCodecFrame>30</OctetsPerCodecFrame>
				<Mandatory>0</Mandatory>
			</CodecSettings>
			<CodecSettings>
				<CodecVersion>0</CodecVersion>
				<SamplingFrequencyInHz>8000</SamplingFrequencyInHz>
				<FrameDurationInMicroSecs>7500</FrameDurationInMicroSecs>
				<OctetsPerCodecFrame>26</OctetsPerCodecFrame>
				<Mandatory>0</Mandatory>
			</CodecSettings>
		</CodecCapabilitiesForMedia>

		<QosSettingsForLowLatencyVoice>
		</QosSettingsForLowLatencyVoice>

		<QosSettingsForLowLatencyMedia>
			<QoSSettings>
				<CodecVersion>2</CodecVersion>
				<SamplingFrequencyInHz>48000</SamplingFrequencyInHz>
				<SDUIntervalInMicroSecs>10000</SDUIntervalInMicroSecs>
				<Framing>0</Framing>
				<MaxSDUSize>100</MaxSDUSize>
				<RetransmissionNumber>4</RetransmissionNumber>
				<MaxTransportLatency>8</MaxTransportLatency>
				<PresentationDelay>10000</PresentationDelay>
				<Mandatory>0</Mandatory>
			</QoSSettings>
			<QoSSettings>
				<CodecVersion>1</CodecVersion>
				<SamplingFrequencyInHz>48000</SamplingFrequencyInHz>
				<SDUIntervalInMicroSecs>10000</SDUIntervalInMicroSecs>
				<Framing>0</Framing>
				<MaxSDUSize>120</MaxSDUSize>
				<RetransmissionNumber>7</RetransmissionNumber>
				<MaxTransportLatency>17</MaxTransportLatency>
				<PresentationDelay>10000</PresentationDelay>
				<Mandatory>0</Mandatory>
			</QoSSettings>
			<QoSSettings>
				<CodecVersion>0</CodecVersion>
				<SamplingFrequencyInHz>48000</SamplingFrequencyInHz>
				<SDUIntervalInMicroSecs>10000</SDUIntervalInMicroSecs>
				<Framing>0</Framing>
				<MaxSDUSize>120</MaxSDUSize>
				<RetransmissionNumber>7</RetransmissionNumber>
				<MaxTransportLatency>17</MaxTransportLatency>
				<PresentationDelay>10000</PresentationDelay>
				<Mandatory>0</Mandatory>
			</QoSSettings>
			<QoSSettings>
				<CodecVersion>0</CodecVersion>
				<SamplingFrequencyInHz>8000</SamplingFrequencyInHz>
				<SDUIntervalInMicroSecs>7500</SDUIntervalInMicroSecs>
				<Framing>0</Framing>
				<MaxSDUSize>26</MaxSDUSize>
				<RetransmissionNumber>2</RetransmissionNumber>
				<MaxTransportLatency>8</MaxTransportLatency>
				<PresentationDelay>40000</PresentationDelay>
				<Mandatory>0</Mandatory>
			</QoSSettings>
			<QoSSettings>
				<CodecVersion>0</CodecVersion>
				<SamplingFrequencyInHz>8000</SamplingFrequencyInHz>
				<SDUIntervalInMicroSecs>10000</SDUIntervalInMicroSecs>
				<Framing>0</Framing>
				<MaxSDUSize>30</MaxSDUSize>
				<RetransmissionNumber>2</RetransmissionNumber>
				<MaxTransportLatency>10</MaxTransportLatency>
				<PresentationDelay>40000</PresentationDelay>
				<Mandatory>0</Mandatory>
			</QoSSettings>
			<QoSSettings>
				<CodecVersion>0</CodecVersion>
				<SamplingFrequencyInHz>16000</SamplingFrequencyInHz>
				<SDUIntervalInMicroSecs>7500</SDUIntervalInMicroSecs>
				<Framing>0</Framing>
				<MaxSDUSize>30</MaxSDUSize>
				<RetransmissionNumber>2</RetransmissionNumber>
				<MaxTransportLatency>8</MaxTransportLatency>
				<PresentationDelay>40000</PresentationDelay>
				<Mandatory>0</Mandatory>
			</QoSSettings>
			<QoSSettings>
				<CodecVersion>0</CodecVersion>
				<SamplingFrequencyInHz>16000</SamplingFrequencyInHz>
				<SDUIntervalInMicroSecs>10000</SDUIntervalInMicroSecs>
				<Framing>0</Framing>
				<MaxSDUSize>40</MaxSDUSize>
				<RetransmissionNumber>2</RetransmissionNumber>
				<MaxTransportLatency>10</MaxTransportLatency>
				<PresentationDelay>40000</PresentationDelay>
				<Mandatory>0</Mandatory>
			</QoSSettings>
			<QoSSettings>
				<CodecVersion>0</CodecVersion>
				<SamplingFrequencyInHz>24000</SamplingFrequencyInHz>
				<SDUIntervalInMicroSecs>7500</SDUIntervalInMicroSecs>
				<Framing>0</Framing>
				<MaxSDUSize>45</MaxSDUSize>
				<RetransmissionNumber>2</RetransmissionNumber>
				<MaxTransportLatency>8</MaxTransportLatency>
				<PresentationDelay>40000</PresentationDelay>
				<Mandatory>0</Mandatory>
			</QoSSettings>
			<QoSSettings>
				<CodecVersion>0</CodecVersion>
				<SamplingFrequencyInHz>24000</SamplingFrequencyInHz>
				<SDUIntervalInMicroSecs>10000</SDUIntervalInMicroSecs>
				<Framing>0</Framing>
				<MaxSDUSize>60</MaxSDUSize>
				<RetransmissionNumber>2</RetransmissionNumber>
				<MaxTransportLatency>10</MaxTransportLatency>
				<PresentationDelay>40000</PresentationDelay>
				<Mandatory>0</Mandatory>
			</QoSSettings>
			<QoSSettings>
				<CodecVersion>0</CodecVersion>
				<SamplingFrequencyInHz>32000</SamplingFrequencyInHz>
				<SDUIntervalInMicroSecs>7500</SDUIntervalInMicroSecs>
				<Framing>0</Framing>
				<MaxSDUSize>60</MaxSDUSize>
				<RetransmissionNumber>2</RetransmissionNumber>
				<MaxTransportLatency>8</MaxTransportLatency>
				<PresentationDelay>40000</PresentationDelay>
				<Mandatory>0</Mandatory>
			</QoSSettings>
			<QoSSettings>
				<CodecVersion>0</CodecVersion>
				<SamplingFrequencyInHz>32000</SamplingFrequencyInHz>
				<SDUIntervalInMicroSecs>10000</SDUIntervalInMicroSecs>
				<Framing>0</Framing>
				<MaxSDUSize>80</MaxSDUSize>
				<RetransmissionNumber>2</RetransmissionNumber>
				<MaxTransportLatency>10</MaxTransportLatency>
				<PresentationDelay>40000</PresentationDelay>
				<Mandatory>0</Mandatory>
			</QoSSettings>
			<QoSSettings>
				<CodecVersion>0</CodecVersion>
				<SamplingFrequencyInHz>48000</SamplingFrequencyInHz>
				<SDUIntervalInMicroSecs>7500</SDUIntervalInMicroSecs>
				<Framing>0</Framing>
				<MaxSDUSize>75</MaxSDUSize>
				<RetransmissionNumber>5</RetransmissionNumber>
				<MaxTransportLatency>15</MaxTransportLatency>
				<PresentationDelay>40000</PresentationDelay>
				<Mandatory>0</Mandatory>
			</QoSSettings>
			<QoSSettings>
				<CodecVersion>0</CodecVersion>
				<SamplingFrequencyInHz>48000</SamplingFrequencyInHz>
				<SDUIntervalInMicroSecs>10000</SDUIntervalInMicroSecs>
				<Framing>0</Framing>
				<MaxSDUSize>100</MaxSDUSize>
				<RetransmissionNumber>5</RetransmissionNumber>
				<MaxTransportLatency>20</MaxTransportLatency>
				<PresentationDelay>40000</PresentationDelay>
				<Mandatory>0</Mandatory>
			</QoSSettings>
			<QoSSettings>
				<CodecVersion>0</CodecVersion>
				<SamplingFrequencyInHz>48000</SamplingFrequencyInHz>
				<SDUIntervalInMicroSecs>7500</SDUIntervalInMicroSecs>
				<Framing>0</Framing>
				<MaxSDUSize>90</MaxSDUSize>
				<RetransmissionNumber>5</RetransmissionNumber>
				<MaxTransportLatency>15</MaxTransportLatency>
				<PresentationDelay>40000</PresentationDelay>
				<Mandatory>0</Mandatory>
			</QoSSettings>
			<QoSSettings>
				<CodecVersion>0</CodecVersion>
				<SamplingFrequencyInHz>48000</SamplingFrequencyInHz>
				<SDUIntervalInMicroSecs>7500</SDUIntervalInMicroSecs>
				<Framing>0</Framing>
				<MaxSDUSize>117</MaxSDUSize>
				<RetransmissionNumber>5</RetransmissionNumber>
				<MaxTransportLatency>15</MaxTransportLatency>
				<PresentationDelay>40000</PresentationDelay>
				<Mandatory>0</Mandatory>
			</QoSSettings>
			<QoSSettings>
				<CodecVersion>0</CodecVersion>
				<SamplingFrequencyInHz>48000</SamplingFrequencyInHz>
				<SDUIntervalInMicroSecs>10000</SDUIntervalInMicroSecs>
				<Framing>0</Framing>
				<MaxSDUSize>155</MaxSDUSize>
				<RetransmissionNumber>5</RetransmissionNumber>
				<MaxTransportLatency>20</MaxTransportLatency>
				<PresentationDelay>40000</PresentationDelay>
				<Mandatory>0</Mandatory>
			</QoSSettings>
		</QosSettingsForLowLatencyMedia>
	</LC3Q>

	<AAR3>
		<CodecCapabilitiesForVoice>
		</CodecCapabilitiesForVoice>

		<CodecCapabilitiesForMedia>
		</CodecCapabilitiesForMedia>

		<QosSettingsForLowLatencyVoice>
		</QosSettingsForLowLatencyVoice>

		<QosSettingsForLowLatencyMedia>
		</QosSettingsForLowLatencyMedia>
	</AAR3>
</GCP>

<WMCP>
	<LC3Q>
		<CodecCapabilitiesForMedia>
			<CodecSettings>
				<CodecVersion>1</CodecVersion>
				<SamplingFrequencyInHz>48000</SamplingFrequencyInHz>
				<FrameDurationInMicroSecs>10000</FrameDurationInMicroSecs>
				<OctetsPerCodecFrame>100</OctetsPerCodecFrame>
				<Mandatory>0</Mandatory>
			</CodecSettings>
			<CodecSettings>
				<CodecVersion>0</CodecVersion>
				<SamplingFrequencyInHz>48000</SamplingFrequencyInHz>
				<FrameDurationInMicroSecs>10000</FrameDurationInMicroSecs>
				<OctetsPerCodecFrame>155</OctetsPerCodecFrame>
				<Mandatory>0</Mandatory>
			</CodecSettings>
			<CodecSettings>
				<CodecVersion>0</CodecVersion>
				<SamplingFrequencyInHz>48000</SamplingFrequencyInHz>
				<FrameDurationInMicroSecs>7500</FrameDurationInMicroSecs>
				<OctetsPerCodecFrame>117</OctetsPerCodecFrame>
				<Mandatory>0</Mandatory>
			</CodecSettings>
			<CodecSettings>
				<CodecVersion>0</CodecVersion>
				<SamplingFrequencyInHz>48000</SamplingFrequencyInHz>
				<FrameDurationInMicroSecs>10000</FrameDurationInMicroSecs>
				<OctetsPerCodecFrame>120</OctetsPerCodecFrame>
				<Mandatory>0</Mandatory>
			</CodecSettings>
			<CodecSettings>
				<CodecVersion>0</CodecVersion>
				<SamplingFrequencyInHz>48000</SamplingFrequencyInHz>
				<FrameDurationInMicroSecs>7500</FrameDurationInMicroSecs>
				<OctetsPerCodecFrame>90</OctetsPerCodecFrame>
				<Mandatory>0</Mandatory>
			</CodecSettings>
			<CodecSettings>
				<CodecVersion>0</CodecVersion>
				<SamplingFrequencyInHz>48000</SamplingFrequencyInHz>
				<FrameDurationInMicroSecs>10000</FrameDurationInMicroSecs>
				<OctetsPerCodecFrame>100</OctetsPerCodecFrame>
				<Mandatory>0</Mandatory>
			</CodecSettings>
			<CodecSettings>
				<CodecVersion>0</CodecVersion>
				<SamplingFrequencyInHz>48000</SamplingFrequencyInHz>
				<FrameDurationInMicroSecs>7500</FrameDurationInMicroSecs>
				<OctetsPerCodecFrame>75</OctetsPerCodecFrame>
				<Mandatory>0</Mandatory>
			</CodecSettings>
			<CodecSettings>
				<CodecVersion>0</CodecVersion>
				<SamplingFrequencyInHz>32000</SamplingFrequencyInHz>
				<FrameDurationInMicroSecs>10000</FrameDurationInMicroSecs>
				<OctetsPerCodecFrame>80</OctetsPerCodecFrame>
				<Mandatory>0</Mandatory>
			</CodecSettings>
			<CodecSettings>
				<CodecVersion>0</CodecVersion>
				<SamplingFrequencyInHz>32000</SamplingFrequencyInHz>
				<FrameDurationInMicroSecs>7500</FrameDurationInMicroSecs>
				<OctetsPerCodecFrame>60</OctetsPerCodecFrame>
				<Mandatory>0</Mandatory>
			</CodecSettings>
			<CodecSettings>
				<CodecVersion>0</CodecVersion>
				<SamplingFrequencyInHz>24000</SamplingFrequencyInHz>
				<FrameDurationInMicroSecs>10000</FrameDurationInMicroSecs>
				<OctetsPerCodecFrame>60</OctetsPerCodecFrame>
				<Mandatory>0</Mandatory>
			</CodecSettings>
			<CodecSettings>
				<CodecVersion>0</CodecVersion>
				<SamplingFrequencyInHz>24000</SamplingFrequencyInHz>
				<FrameDurationInMicroSecs>7500</FrameDurationInMicroSecs>
				<OctetsPerCodecFrame>45</OctetsPerCodecFrame>
				<Mandatory>0</Mandatory>
			</CodecSettings>
			<CodecSettings>
				<CodecVersion>0</CodecVersion>
				<SamplingFrequencyInHz>16000</SamplingFrequencyInHz>
				<FrameDurationInMicroSecs>10000</FrameDurationInMicroSecs>
				<OctetsPerCodecFrame>40</OctetsPerCodecFrame>
				<Mandatory>0</Mandatory>
			</CodecSettings>
			<CodecSettings>
				<CodecVersion>0</CodecVersion>
				<SamplingFrequencyInHz>16000</SamplingFrequencyInHz>
				<FrameDurationInMicroSecs>7500</FrameDurationInMicroSecs>
				<OctetsPerCodecFrame>30</OctetsPerCodecFrame>
				<Mandatory>0</Mandatory>
			</CodecSettings>
			<CodecSettings>
				<CodecVersion>0</CodecVersion>
				<SamplingFrequencyInHz>8000</SamplingFrequencyInHz>
				<FrameDurationInMicroSecs>10000</FrameDurationInMicroSecs>
				<OctetsPerCodecFrame>30</OctetsPerCodecFrame>
				<Mandatory>0</Mandatory>
			</CodecSettings>
			<CodecSettings>
				<CodecVersion>0</CodecVersion>
				<SamplingFrequencyInHz>8000</SamplingFrequencyInHz>
				<FrameDurationInMicroSecs>7500</FrameDurationInMicroSecs>
				<OctetsPerCodecFrame>26</OctetsPerCodecFrame>
				<Mandatory>0</Mandatory>
			</CodecSettings>
		</CodecCapabilitiesForMedia>

		<QosSettingsForHighReliabilityMedia>
			<QoSSettings>
				<CodecVersion>0</CodecVersion>
				<SamplingFrequencyInHz>8000</SamplingFrequencyInHz>
				<SDUIntervalInMicroSecs>7500</SDUIntervalInMicroSecs>
				<Framing>0</Framing>
				<MaxSDUSize>26</MaxSDUSize>
				<RetransmissionNumber>13</RetransmissionNumber>
				<MaxTransportLatency>75</MaxTransportLatency>
				<PresentationDelay>40000</PresentationDelay>
				<Mandatory>0</Mandatory>
			</QoSSettings>
			<QoSSettings>
				<CodecVersion>0</CodecVersion>
				<SamplingFrequencyInHz>8000</SamplingFrequencyInHz>
				<SDUIntervalInMicroSecs>10000</SDUIntervalInMicroSecs>
				<Framing>0</Framing>
				<MaxSDUSize>30</MaxSDUSize>
				<RetransmissionNumber>13</RetransmissionNumber>
				<MaxTransportLatency>95</MaxTransportLatency>
				<PresentationDelay>40000</PresentationDelay>
				<Mandatory>0</Mandatory>
			</QoSSettings>
			<QoSSettings>
				<CodecVersion>0</CodecVersion>
				<SamplingFrequencyInHz>16000</SamplingFrequencyInHz>
				<SDUIntervalInMicroSecs>7500</SDUIntervalInMicroSecs>
				<Framing>0</Framing>
				<MaxSDUSize>30</MaxSDUSize>
				<RetransmissionNumber>13</RetransmissionNumber>
				<MaxTransportLatency>75</MaxTransportLatency>
				<PresentationDelay>40000</PresentationDelay>
				<Mandatory>0</Mandatory>
			</QoSSettings>
			<QoSSettings>
				<CodecVersion>0</CodecVersion>
				<SamplingFrequencyInHz>16000</SamplingFrequencyInHz>
				<SDUIntervalInMicroSecs>10000</SDUIntervalInMicroSecs>
				<Framing>0</Framing>
				<MaxSDUSize>40</MaxSDUSize>
				<RetransmissionNumber>13</RetransmissionNumber>
				<MaxTransportLatency>95</MaxTransportLatency>
				<PresentationDelay>40000</PresentationDelay>
				<Mandatory>0</Mandatory>
			</QoSSettings>
			<QoSSettings>
				<CodecVersion>0</CodecVersion>
				<SamplingFrequencyInHz>24000</SamplingFrequencyInHz>
				<SDUIntervalInMicroSecs>7500</SDUIntervalInMicroSecs>
				<Framing>0</Framing>
				<MaxSDUSize>45</MaxSDUSize>
				<RetransmissionNumber>13</RetransmissionNumber>
				<MaxTransportLatency>75</MaxTransportLatency>
				<PresentationDelay>40000</PresentationDelay>
				<Mandatory>0</Mandatory>
			</QoSSettings>
			<QoSSettings>
				<CodecVersion>0</CodecVersion>
				<SamplingFrequencyInHz>24000</SamplingFrequencyInHz>
				<SDUIntervalInMicroSecs>10000</SDUIntervalInMicroSecs>
				<Framing>0</Framing>
				<MaxSDUSize>60</MaxSDUSize>
				<RetransmissionNumber>13</RetransmissionNumber>
				<MaxTransportLatency>95</MaxTransportLatency>
				<PresentationDelay>40000</PresentationDelay>
				<Mandatory>0</Mandatory>
			</QoSSettings>
			<QoSSettings>
				<CodecVersion>0</CodecVersion>
				<SamplingFrequencyInHz>32000</SamplingFrequencyInHz>
				<SDUIntervalInMicroSecs>7500</SDUIntervalInMicroSecs>
				<Framing>0</Framing>
				<MaxSDUSize>60</MaxSDUSize>
				<RetransmissionNumber>13</RetransmissionNumber>
				<MaxTransportLatency>75</MaxTransportLatency>
				<PresentationDelay>40000</PresentationDelay>
				<Mandatory>0</Mandatory>
			</QoSSettings>
			<QoSSettings>
				<CodecVersion>0</CodecVersion>
				<SamplingFrequencyInHz>32000</SamplingFrequencyInHz>
				<SDUIntervalInMicroSecs>10000</SDUIntervalInMicroSecs>
				<Framing>0</Framing>
				<MaxSDUSize>80</MaxSDUSize>
				<RetransmissionNumber>13</RetransmissionNumber>
				<MaxTransportLatency>95</MaxTransportLatency>
				<PresentationDelay>40000</PresentationDelay>
				<Mandatory>0</Mandatory>
			</QoSSettings>
			<QoSSettings>
				<CodecVersion>0</CodecVersion>
				<SamplingFrequencyInHz>48000</SamplingFrequencyInHz>
				<SDUIntervalInMicroSecs>7500</SDUIntervalInMicroSecs>
				<Framing>0</Framing>
				<MaxSDUSize>75</MaxSDUSize>
				<RetransmissionNumber>13</RetransmissionNumber>
				<MaxTransportLatency>75</MaxTransportLatency>
				<PresentationDelay>40000</PresentationDelay>
				<Mandatory>0</Mandatory>
			</QoSSettings>
			<QoSSettings>
				<CodecVersion>1</CodecVersion>
				<SamplingFrequencyInHz>48000</SamplingFrequencyInHz>
				<SDUIntervalInMicroSecs>10000</SDUIntervalInMicroSecs>
				<Framing>0</Framing>
				<MaxSDUSize>100</MaxSDUSize>
				<RetransmissionNumber>11</RetransmissionNumber>
				<MaxTransportLatency>40</MaxTransportLatency>
				<PresentationDelay>25000</PresentationDelay>
				<Mandatory>0</Mandatory>
			</QoSSettings>
			<QoSSettings>
				<CodecVersion>0</CodecVersion>
				<SamplingFrequencyInHz>48000</SamplingFrequencyInHz>
				<SDUIntervalInMicroSecs>10000</SDUIntervalInMicroSecs>
				<Framing>0</Framing>
				<MaxSDUSize>100</MaxSDUSize>
				<RetransmissionNumber>13</RetransmissionNumber>
				<MaxTransportLatency>95</MaxTransportLatency>
				<PresentationDelay>40000</PresentationDelay>
				<Mandatory>0</Mandatory>
			</QoSSettings>
			<QoSSettings>
				<CodecVersion>0</CodecVersion>
				<SamplingFrequencyInHz>48000</SamplingFrequencyInHz>
				<SDUIntervalInMicroSecs>7500</SDUIntervalInMicroSecs>
				<Framing>0</Framing>
				<MaxSDUSize>90</MaxSDUSize>
				<RetransmissionNumber>13</RetransmissionNumber>
				<MaxTransportLatency>75</MaxTransportLatency>
				<PresentationDelay>40000</PresentationDelay>
				<Mandatory>0</Mandatory>
			</QoSSettings>
			<QoSSettings>
				<CodecVersion>0</CodecVersion>
				<SamplingFrequencyInHz>48000</SamplingFrequencyInHz>
				<SDUIntervalInMicroSecs>10000</SDUIntervalInMicroSecs>
				<Framing>0</Framing>
				<MaxSDUSize>120</MaxSDUSize>
				<RetransmissionNumber>13</RetransmissionNumber>
				<MaxTransportLatency>100</MaxTransportLatency>
				<PresentationDelay>40000</PresentationDelay>
				<Mandatory>0</Mandatory>
			</QoSSettings>
			<QoSSettings>
				<CodecVersion>0</CodecVersion>
				<SamplingFrequencyInHz>48000</SamplingFrequencyInHz>
				<SDUIntervalInMicroSecs>7500</SDUIntervalInMicroSecs>
				<Framing>0</Framing>
				<MaxSDUSize>117</MaxSDUSize>
				<RetransmissionNumber>13</RetransmissionNumber>
				<MaxTransportLatency>75</MaxTransportLatency>
				<PresentationDelay>40000</PresentationDelay>
				<Mandatory>0</Mandatory>
			</QoSSettings>
			<QoSSettings>
				<CodecVersion>0</CodecVersion>
				<SamplingFrequencyInHz>48000</SamplingFrequencyInHz>
				<SDUIntervalInMicroSecs>10000</SDUIntervalInMicroSecs>
				<Framing>0</Framing>
				<MaxSDUSize>155</MaxSDUSize>
				<RetransmissionNumber>13</RetransmissionNumber>
				<MaxTransportLatency>100</MaxTransportLatency>
				<PresentationDelay>40000</PresentationDelay>
				<Mandatory>0</Mandatory>
			</QoSSettings>
		</QosSettingsForHighReliabilityMedia>
	</LC3Q>

	<AAR3>
		<CodecCapabilitiesForMedia>
		</CodecCapabilitiesForMedia>

		<QosSettingsForHighReliabilityMedia>
		</QosSettingsForHighReliabilityMedia>
	</AAR3>
</WMCP>

<GCP_RX>
	<LC3Q>
		<CodecCapabilitiesForMedia>
			<CodecSettings>
				<CodecVersion>2</CodecVersion>
				<SamplingFrequencyInHz>32000</SamplingFrequencyInHz>
				<FrameDurationInMicroSecs>10000</FrameDurationInMicroSecs>
				<OctetsPerCodecFrame>60</OctetsPerCodecFrame>
				<Mandatory>0</Mandatory>
			</CodecSettings>
			<CodecSettings>
				<CodecVersion>1</CodecVersion>
				<SamplingFrequencyInHz>16000</SamplingFrequencyInHz>
				<FrameDurationInMicroSecs>10000</FrameDurationInMicroSecs>
				<OctetsPerCodecFrame>40</OctetsPerCodecFrame>
				<Mandatory>0</Mandatory>
			</CodecSettings>
			<CodecSettings>
				<CodecVersion>0</CodecVersion>
				<SamplingFrequencyInHz>16000</SamplingFrequencyInHz>
				<FrameDurationInMicroSecs>10000</FrameDurationInMicroSecs>
				<OctetsPerCodecFrame>40</OctetsPerCodecFrame>
				<Mandatory>0</Mandatory>
			</CodecSettings>
			<CodecSettings>
				<CodecVersion>0</CodecVersion>
				<SamplingFrequencyInHz>48000</SamplingFrequencyInHz>
				<FrameDurationInMicroSecs>10000</FrameDurationInMicroSecs>
				<OctetsPerCodecFrame>155</OctetsPerCodecFrame>
				<Mandatory>0</Mandatory>
			</CodecSettings>
			<CodecSettings>
				<CodecVersion>0</CodecVersion>
				<SamplingFrequencyInHz>48000</SamplingFrequencyInHz>
				<FrameDurationInMicroSecs>7500</FrameDurationInMicroSecs>
				<OctetsPerCodecFrame>117</OctetsPerCodecFrame>
				<Mandatory>0</Mandatory>
			</CodecSettings>
			<CodecVersion>0</CodecVersion>
				<SamplingFrequencyInHz>48000</SamplingFrequencyInHz>
				<FrameDurationInMicroSecs>7500</FrameDurationInMicroSecs>
				<OctetsPerCodecFrame>90</OctetsPerCodecFrame>
				<Mandatory>0</Mandatory>
			<CodecSettings>
				<CodecVersion>0</CodecVersion>
				<SamplingFrequencyInHz>48000</SamplingFrequencyInHz>
				<FrameDurationInMicroSecs>10000</FrameDurationInMicroSecs>
				<OctetsPerCodecFrame>100</OctetsPerCodecFrame>
				<Mandatory>0</Mandatory>
			</CodecSettings>
			<CodecSettings>
				<CodecVersion>0</CodecVersion>
				<SamplingFrequencyInHz>48000</SamplingFrequencyInHz>
				<FrameDurationInMicroSecs>7500</FrameDurationInMicroSecs>
				<OctetsPerCodecFrame>75</OctetsPerCodecFrame>
				<Mandatory>0</Mandatory>
			</CodecSettings>
			<CodecSettings>
				<CodecVersion>0</CodecVersion>
				<SamplingFrequencyInHz>32000</SamplingFrequencyInHz>
				<FrameDurationInMicroSecs>10000</FrameDurationInMicroSecs>
				<OctetsPerCodecFrame>80</OctetsPerCodecFrame>
				<Mandatory>0</Mandatory>
			</CodecSettings>
			<CodecSettings>
				<CodecVersion>0</CodecVersion>
				<SamplingFrequencyInHz>32000</SamplingFrequencyInHz>
				<FrameDurationInMicroSecs>7500</FrameDurationInMicroSecs>
				<OctetsPerCodecFrame>60</OctetsPerCodecFrame>
				<Mandatory>0</Mandatory>
			</CodecSettings>
			<CodecSettings>
				<CodecVersion>0</CodecVersion>
				<SamplingFrequencyInHz>24000</SamplingFrequencyInHz>
				<FrameDurationInMicroSecs>10000</FrameDurationInMicroSecs>
				<OctetsPerCodecFrame>60</OctetsPerCodecFrame>
				<Mandatory>0</Mandatory>
			</CodecSettings>
			<CodecSettings>
				<CodecVersion>0</CodecVersion>
				<SamplingFrequencyInHz>24000</SamplingFrequencyInHz>
				<FrameDurationInMicroSecs>7500</FrameDurationInMicroSecs>
				<OctetsPerCodecFrame>45</OctetsPerCodecFrame>
				<Mandatory>0</Mandatory>
			</CodecSettings>
			<CodecSettings>
				<CodecVersion>0</CodecVersion>
				<SamplingFrequencyInHz>16000</SamplingFrequencyInHz>
				<FrameDurationInMicroSecs>7500</FrameDurationInMicroSecs>
				<OctetsPerCodecFrame>30</OctetsPerCodecFrame>
				<Mandatory>0</Mandatory>
			</CodecSettings>
			<CodecSettings>
				<CodecVersion>0</CodecVersion>
				<SamplingFrequencyInHz>8000</SamplingFrequencyInHz>
				<FrameDurationInMicroSecs>10000</FrameDurationInMicroSecs>
				<OctetsPerCodecFrame>30</OctetsPerCodecFrame>
				<Mandatory>0</Mandatory>
			</CodecSettings>
			<CodecSettings>
				<CodecVersion>0</CodecVersion>
				<SamplingFrequencyInHz>8000</SamplingFrequencyInHz>
				<FrameDurationInMicroSecs>7500</FrameDurationInMicroSecs>
				<OctetsPerCodecFrame>26</OctetsPerCodecFrame>
				<Mandatory>0</Mandatory>
			</CodecSettings>
		</CodecCapabilitiesForMedia>

		<QosSettingsForLowLatencyMedia>
			<QoSSettings>
				<CodecVersion>2</CodecVersion>
				<SamplingFrequencyInHz>32000</SamplingFrequencyInHz>
				<SDUIntervalInMicroSecs>10000</SDUIntervalInMicroSecs>
				<Framing>0</Framing>
				<MaxSDUSize>60</MaxSDUSize>
				<RetransmissionNumber>4</RetransmissionNumber>
				<MaxTransportLatency>8</MaxTransportLatency>
				<PresentationDelay>12000</PresentationDelay>
				<Mandatory>0</Mandatory>
			</QoSSettings>
			<QoSSettings>
				<CodecVersion>1</CodecVersion>
				<SamplingFrequencyInHz>16000</SamplingFrequencyInHz>
				<SDUIntervalInMicroSecs>10000</SDUIntervalInMicroSecs>
				<Framing>0</Framing>
				<MaxSDUSize>40</MaxSDUSize>
				<RetransmissionNumber>5</RetransmissionNumber>
				<MaxTransportLatency>17</MaxTransportLatency>
				<PresentationDelay>12000</PresentationDelay>
				<Mandatory>0</Mandatory>
			</QoSSettings>
			<QoSSettings>
				<CodecVersion>0</CodecVersion>
				<SamplingFrequencyInHz>16000</SamplingFrequencyInHz>
				<SDUIntervalInMicroSecs>10000</SDUIntervalInMicroSecs>
				<Framing>0</Framing>
				<MaxSDUSize>40</MaxSDUSize>
				<RetransmissionNumber>5</RetransmissionNumber>
				<MaxTransportLatency>17</MaxTransportLatency>
				<PresentationDelay>12000</PresentationDelay>
				<Mandatory>0</Mandatory>
			</QoSSettings>
			<QoSSettings>
				<CodecVersion>0</CodecVersion>
				<SamplingFrequencyInHz>8000</SamplingFrequencyInHz>
				<SDUIntervalInMicroSecs>7500</SDUIntervalInMicroSecs>
				<Framing>0</Framing>
				<MaxSDUSize>26</MaxSDUSize>
				<RetransmissionNumber>2</RetransmissionNumber>
				<MaxTransportLatency>8</MaxTransportLatency>
				<PresentationDelay>40000</PresentationDelay>
				<Mandatory>0</Mandatory>
			</QoSSettings>
			<QoSSettings>
				<CodecVersion>0</CodecVersion>
				<SamplingFrequencyInHz>8000</SamplingFrequencyInHz>
				<SDUIntervalInMicroSecs>10000</SDUIntervalInMicroSecs>
				<Framing>0</Framing>
				<MaxSDUSize>30</MaxSDUSize>
				<RetransmissionNumber>2</RetransmissionNumber>
				<MaxTransportLatency>10</MaxTransportLatency>
				<PresentationDelay>40000</PresentationDelay>
				<Mandatory>0</Mandatory>
			</QoSSettings>
			<QoSSettings>
				<CodecVersion>0</CodecVersion>
				<SamplingFrequencyInHz>16000</SamplingFrequencyInHz>
				<SDUIntervalInMicroSecs>7500</SDUIntervalInMicroSecs>
				<Framing>0</Framing>
				<MaxSDUSize>30</MaxSDUSize>
				<RetransmissionNumber>2</RetransmissionNumber>
				<MaxTransportLatency>8</MaxTransportLatency>
				<PresentationDelay>40000</PresentationDelay>
				<Mandatory>0</Mandatory>
			</QoSSettings>
			<QoSSettings>
				<CodecVersion>0</CodecVersion>
				<SamplingFrequencyInHz>24000</SamplingFrequencyInHz>
				<SDUIntervalInMicroSecs>7500</SDUIntervalInMicroSecs>
				<Framing>0</Framing>
				<MaxSDUSize>45</MaxSDUSize>
				<RetransmissionNumber>2</RetransmissionNumber>
				<MaxTransportLatency>8</MaxTransportLatency>
				<PresentationDelay>40000</PresentationDelay>
				<Mandatory>0</Mandatory>
			</QoSSettings>
			<QoSSettings>
				<CodecVersion>0</CodecVersion>
				<SamplingFrequencyInHz>24000</SamplingFrequencyInHz>
				<SDUIntervalInMicroSecs>10000</SDUIntervalInMicroSecs>
				<Framing>0</Framing>
				<MaxSDUSize>60</MaxSDUSize>
				<RetransmissionNumber>2</RetransmissionNumber>
				<MaxTransportLatency>10</MaxTransportLatency>
				<PresentationDelay>40000</PresentationDelay>
				<Mandatory>0</Mandatory>
			</QoSSettings>
			<QoSSettings>
				<CodecVersion>0</CodecVersion>
				<SamplingFrequencyInHz>32000</SamplingFrequencyInHz>
				<SDUIntervalInMicroSecs>7500</SDUIntervalInMicroSecs>
				<Framing>0</Framing>
				<MaxSDUSize>60</MaxSDUSize>
				<RetransmissionNumber>2</RetransmissionNumber>
				<MaxTransportLatency>8</MaxTransportLatency>
				<PresentationDelay>40000</PresentationDelay>
				<Mandatory>0</Mandatory>
			</QoSSettings>
			<QoSSettings>
				<CodecVersion>0</CodecVersion>
				<SamplingFrequencyInHz>32000</SamplingFrequencyInHz>
				<SDUIntervalInMicroSecs>10000</SDUIntervalInMicroSecs>
				<Framing>0</Framing>
				<MaxSDUSize>80</MaxSDUSize>
				<RetransmissionNumber>2</RetransmissionNumber>
				<MaxTransportLatency>10</MaxTransportLatency>
				<PresentationDelay>40000</PresentationDelay>
				<Mandatory>0</Mandatory>
			</QoSSettings>
			<QoSSettings>
				<CodecVersion>0</CodecVersion>
				<SamplingFrequencyInHz>48000</SamplingFrequencyInHz>
				<SDUIntervalInMicroSecs>7500</SDUIntervalInMicroSecs>
				<Framing>0</Framing>
				<MaxSDUSize>75</MaxSDUSize>
				<RetransmissionNumber>5</RetransmissionNumber>
				<MaxTransportLatency>15</MaxTransportLatency>
				<PresentationDelay>40000</PresentationDelay>
				<Mandatory>0</Mandatory>
			</QoSSettings>
			<QoSSettings>
				<CodecVersion>0</CodecVersion>
				<SamplingFrequencyInHz>48000</SamplingFrequencyInHz>
				<SDUIntervalInMicroSecs>10000</SDUIntervalInMicroSecs>
				<Framing>0</Framing>
				<MaxSDUSize>100</MaxSDUSize>
				<RetransmissionNumber>5</RetransmissionNumber>
				<MaxTransportLatency>20</MaxTransportLatency>
				<PresentationDelay>40000</PresentationDelay>
				<Mandatory>0</Mandatory>
			</QoSSettings>
			<QoSSettings>
				<CodecVersion>0</CodecVersion>
				<SamplingFrequencyInHz>48000</SamplingFrequencyInHz>
				<SDUIntervalInMicroSecs>7500</SDUIntervalInMicroSecs>
				<Framing>0</Framing>
				<MaxSDUSize>90</MaxSDUSize>
				<RetransmissionNumber>5</RetransmissionNumber>
				<MaxTransportLatency>15</MaxTransportLatency>
				<PresentationDelay>40000</PresentationDelay>
				<Mandatory>0</Mandatory>
			</QoSSettings>
			<QoSSettings>
				<CodecVersion>0</CodecVersion>
				<SamplingFrequencyInHz>48000</SamplingFrequencyInHz>
				<SDUIntervalInMicroSecs>7500</SDUIntervalInMicroSecs>
				<Framing>0</Framing>
				<MaxSDUSize>117</MaxSDUSize>
				<RetransmissionNumber>5</RetransmissionNumber>
				<MaxTransportLatency>15</MaxTransportLatency>
				<PresentationDelay>40000</PresentationDelay>
				<Mandatory>0</Mandatory>
			</QoSSettings>
			<QoSSettings>
				<CodecVersion>0</CodecVersion>
				<SamplingFrequencyInHz>48000</SamplingFrequencyInHz>
				<SDUIntervalInMicroSecs>10000</SDUIntervalInMicroSecs>
				<Framing>0</Framing>
				<MaxSDUSize>155</MaxSDUSize>
				<RetransmissionNumber>5</RetransmissionNumber>
				<MaxTransportLatency>20</MaxTransportLatency>
				<PresentationDelay>40000</PresentationDelay>
				<Mandatory>0</Mandatory>
			</QoSSettings>
		</QosSettingsForLowLatencyMedia>
	</LC3Q>

	<AAR3>
		<CodecCapabilitiesForMedia>
		</CodecCapabilitiesForMedia>

		<QosSettingsForLowLatencyMedia>
		</QosSettingsForLowLatencyMedia>
	</AAR3>
</GCP_RX>

<GCP_TX>
	<LC3Q>
		<CodecCapabilitiesForVoice>
		</CodecCapabilitiesForVoice>

		<CodecCapabilitiesForMedia>
			<CodecSettings>
				<CodecVersion>2</CodecVersion>
				<SamplingFrequencyInHz>48000</SamplingFrequencyInHz>
				<FrameDurationInMicroSecs>10000</FrameDurationInMicroSecs>
				<OctetsPerCodecFrame>100</OctetsPerCodecFrame>
				<Mandatory>0</Mandatory>
			</CodecSettings>
			<CodecSettings>
				<CodecVersion>1</CodecVersion>
				<SamplingFrequencyInHz>48000</SamplingFrequencyInHz>
				<FrameDurationInMicroSecs>10000</FrameDurationInMicroSecs>
				<OctetsPerCodecFrame>120</OctetsPerCodecFrame>
				<Mandatory>0</Mandatory>
			</CodecSettings>
			<CodecSettings>
				<CodecVersion>0</CodecVersion>
				<SamplingFrequencyInHz>48000</SamplingFrequencyInHz>
				<FrameDurationInMicroSecs>10000</FrameDurationInMicroSecs>
				<OctetsPerCodecFrame>120</OctetsPerCodecFrame>
				<Mandatory>0</Mandatory>
			</CodecSettings>
			<CodecSettings>
				<CodecVersion>0</CodecVersion>
				<SamplingFrequencyInHz>48000</SamplingFrequencyInHz>
				<FrameDurationInMicroSecs>10000</FrameDurationInMicroSecs>
				<OctetsPerCodecFrame>155</OctetsPerCodecFrame>
				<Mandatory>0</Mandatory>
			</CodecSettings>
			<CodecSettings>
				<CodecVersion>0</CodecVersion>
				<SamplingFrequencyInHz>48000</SamplingFrequencyInHz>
				<FrameDurationInMicroSecs>7500</FrameDurationInMicroSecs>
				<OctetsPerCodecFrame>117</OctetsPerCodecFrame>
				<Mandatory>0</Mandatory>
			</CodecSettings>
			<CodecSettings>
				<CodecVersion>0</CodecVersion>
				<SamplingFrequencyInHz>48000</SamplingFrequencyInHz>
				<FrameDurationInMicroSecs>7500</FrameDurationInMicroSecs>
				<OctetsPerCodecFrame>90</OctetsPerCodecFrame>
				<Mandatory>0</Mandatory>
			</CodecSettings>
			<CodecSettings>
				<CodecVersion>0</CodecVersion>
				<SamplingFrequencyInHz>48000</SamplingFrequencyInHz>
				<FrameDurationInMicroSecs>10000</FrameDurationInMicroSecs>
				<OctetsPerCodecFrame>100</OctetsPerCodecFrame>
				<Mandatory>0</Mandatory>
			</CodecSettings>
			<CodecSettings>
				<CodecVersion>0</CodecVersion>
				<SamplingFrequencyInHz>48000</SamplingFrequencyInHz>
				<FrameDurationInMicroSecs>7500</FrameDurationInMicroSecs>
				<OctetsPerCodecFrame>75</OctetsPerCodecFrame>
				<Mandatory>0</Mandatory>
			</CodecSettings>
			<CodecSettings>
				<CodecVersion>0</CodecVersion>
				<SamplingFrequencyInHz>32000</SamplingFrequencyInHz>
				<FrameDurationInMicroSecs>10000</FrameDurationInMicroSecs>
				<OctetsPerCodecFrame>80</OctetsPerCodecFrame>
				<Mandatory>0</Mandatory>
			</CodecSettings>
			<CodecSettings>
				<CodecVersion>0</CodecVersion>
				<SamplingFrequencyInHz>32000</SamplingFrequencyInHz>
				<FrameDurationInMicroSecs>7500</FrameDurationInMicroSecs>
				<OctetsPerCodecFrame>60</OctetsPerCodecFrame>
				<Mandatory>0</Mandatory>
			</CodecSettings>
			<CodecSettings>
				<CodecVersion>0</CodecVersion>
				<SamplingFrequencyInHz>24000</SamplingFrequencyInHz>
				<FrameDurationInMicroSecs>10000</FrameDurationInMicroSecs>
				<OctetsPerCodecFrame>60</OctetsPerCodecFrame>
				<Mandatory>0</Mandatory>
			</CodecSettings>
			<CodecSettings>
				<CodecVersion>0</CodecVersion>
				<SamplingFrequencyInHz>24000</SamplingFrequencyInHz>
				<FrameDurationInMicroSecs>7500</FrameDurationInMicroSecs>
				<OctetsPerCodecFrame>45</OctetsPerCodecFrame>
				<Mandatory>0</Mandatory>
			</CodecSettings>
			<CodecSettings>
				<CodecVersion>0</CodecVersion>
				<SamplingFrequencyInHz>16000</SamplingFrequencyInHz>
				<FrameDurationInMicroSecs>10000</FrameDurationInMicroSecs>
				<OctetsPerCodecFrame>40</OctetsPerCodecFrame>
				<Mandatory>0</Mandatory>
			</CodecSettings>
			<CodecSettings>
				<CodecVersion>0</CodecVersion>
				<SamplingFrequencyInHz>16000</SamplingFrequencyInHz>
				<FrameDurationInMicroSecs>7500</FrameDurationInMicroSecs>
				<OctetsPerCodecFrame>30</OctetsPerCodecFrame>
				<Mandatory>0</Mandatory>
			</CodecSettings>
			<CodecSettings>
				<CodecVersion>0</CodecVersion>
				<SamplingFrequencyInHz>8000</SamplingFrequencyInHz>
				<FrameDurationInMicroSecs>10000</FrameDurationInMicroSecs>
				<OctetsPerCodecFrame>30</OctetsPerCodecFrame>
				<Mandatory>0</Mandatory>
			</CodecSettings>
			<CodecSettings>
				<CodecVersion>0</CodecVersion>
				<SamplingFrequencyInHz>8000</SamplingFrequencyInHz>
				<FrameDurationInMicroSecs>7500</FrameDurationInMicroSecs>
				<OctetsPerCodecFrame>26</OctetsPerCodecFrame>
				<Mandatory>0</Mandatory>
			</CodecSettings>
		</CodecCapabilitiesForMedia>

		<QosSettingsForLowLatencyVoice>
		</QosSettingsForLowLatencyVoice>

		<QosSettingsForLowLatencyMedia>
			<QoSSettings>
				<CodecVersion>2</CodecVersion>
				<SamplingFrequencyInHz>48000</SamplingFrequencyInHz>
				<SDUIntervalInMicroSecs>10000</SDUIntervalInMicroSecs>
				<Framing>0</Framing>
				<MaxSDUSize>100</MaxSDUSize>
				<RetransmissionNumber>4</RetransmissionNumber>
				<MaxTransportLatency>8</MaxTransportLatency>
				<PresentationDelay>10000</PresentationDelay>
				<Mandatory>0</Mandatory>
			</QoSSettings>
			<QoSSettings>
				<CodecVersion>1</CodecVersion>
				<SamplingFrequencyInHz>48000</SamplingFrequencyInHz>
				<SDUIntervalInMicroSecs>10000</SDUIntervalInMicroSecs>
				<Framing>0</Framing>
				<MaxSDUSize>120</MaxSDUSize>
				<RetransmissionNumber>5</RetransmissionNumber>
				<MaxTransportLatency>17</MaxTransportLatency>
				<PresentationDelay>10000</PresentationDelay>
				<Mandatory>0</Mandatory>
			</QoSSettings>
			<QoSSettings>
				<CodecVersion>0</CodecVersion>
				<SamplingFrequencyInHz>48000</SamplingFrequencyInHz>
				<SDUIntervalInMicroSecs>10000</SDUIntervalInMicroSecs>
				<Framing>0</Framing>
				<MaxSDUSize>120</MaxSDUSize>
				<RetransmissionNumber>5</RetransmissionNumber>
				<MaxTransportLatency>17</MaxTransportLatency>
				<PresentationDelay>10000</PresentationDelay>
				<Mandatory>0</Mandatory>
			</QoSSettings>
			<QoSSettings>
				<CodecVersion>0</CodecVersion>
				<SamplingFrequencyInHz>8000</SamplingFrequencyInHz>
				<SDUIntervalInMicroSecs>7500</SDUIntervalInMicroSecs>
				<Framing>0</Framing>
				<MaxSDUSize>26</MaxSDUSize>
				<RetransmissionNumber>2</RetransmissionNumber>
				<MaxTransportLatency>8</MaxTransportLatency>
				<PresentationDelay>40000</PresentationDelay>
				<Mandatory>0</Mandatory>
			</QoSSettings>
			<QoSSettings>
				<CodecVersion>0</CodecVersion>
				<SamplingFrequencyInHz>8000</SamplingFrequencyInHz>
				<SDUIntervalInMicroSecs>10000</SDUIntervalInMicroSecs>
				<Framing>0</Framing>
				<MaxSDUSize>30</MaxSDUSize>
				<RetransmissionNumber>2</RetransmissionNumber>
				<MaxTransportLatency>10</MaxTransportLatency>
				<PresentationDelay>40000</PresentationDelay>
				<Mandatory>0</Mandatory>
			</QoSSettings>
			<QoSSettings>
				<CodecVersion>0</CodecVersion>
				<SamplingFrequencyInHz>16000</SamplingFrequencyInHz>
				<SDUIntervalInMicroSecs>7500</SDUIntervalInMicroSecs>
				<Framing>0</Framing>
				<MaxSDUSize>30</MaxSDUSize>
				<RetransmissionNumber>2</RetransmissionNumber>
				<MaxTransportLatency>8</MaxTransportLatency>
				<PresentationDelay>40000</PresentationDelay>
				<Mandatory>0</Mandatory>
			</QoSSettings>
			<QoSSettings>
				<CodecVersion>0</CodecVersion>
				<SamplingFrequencyInHz>16000</SamplingFrequencyInHz>
				<SDUIntervalInMicroSecs>10000</SDUIntervalInMicroSecs>
				<Framing>0</Framing>
				<MaxSDUSize>40</MaxSDUSize>
				<RetransmissionNumber>2</RetransmissionNumber>
				<MaxTransportLatency>10</MaxTransportLatency>
				<PresentationDelay>40000</PresentationDelay>
				<Mandatory>0</Mandatory>
			</QoSSettings>
			<QoSSettings>
				<CodecVersion>0</CodecVersion>
				<SamplingFrequencyInHz>24000</SamplingFrequencyInHz>
				<SDUIntervalInMicroSecs>7500</SDUIntervalInMicroSecs>
				<Framing>0</Framing>
				<MaxSDUSize>45</MaxSDUSize>
				<RetransmissionNumber>2</RetransmissionNumber>
				<MaxTransportLatency>8</MaxTransportLatency>
				<PresentationDelay>40000</PresentationDelay>
				<Mandatory>0</Mandatory>
			</QoSSettings>
			<QoSSettings>
				<CodecVersion>0</CodecVersion>
				<SamplingFrequencyInHz>24000</SamplingFrequencyInHz>
				<SDUIntervalInMicroSecs>10000</SDUIntervalInMicroSecs>
				<Framing>0</Framing>
				<MaxSDUSize>60</MaxSDUSize>
				<RetransmissionNumber>2</RetransmissionNumber>
				<MaxTransportLatency>10</MaxTransportLatency>
				<PresentationDelay>40000</PresentationDelay>
				<Mandatory>0</Mandatory>
			</QoSSettings>
			<QoSSettings>
				<CodecVersion>0</CodecVersion>
				<SamplingFrequencyInHz>32000</SamplingFrequencyInHz>
				<SDUIntervalInMicroSecs>7500</SDUIntervalInMicroSecs>
				<Framing>0</Framing>
				<MaxSDUSize>60</MaxSDUSize>
				<RetransmissionNumber>2</RetransmissionNumber>
				<MaxTransportLatency>8</MaxTransportLatency>
				<PresentationDelay>40000</PresentationDelay>
				<Mandatory>0</Mandatory>
			</QoSSettings>
			<QoSSettings>
				<CodecVersion>0</CodecVersion>
				<SamplingFrequencyInHz>32000</SamplingFrequencyInHz>
				<SDUIntervalInMicroSecs>10000</SDUIntervalInMicroSecs>
				<Framing>0</Framing>
				<MaxSDUSize>80</MaxSDUSize>
				<RetransmissionNumber>2</RetransmissionNumber>
				<MaxTransportLatency>10</MaxTransportLatency>
				<PresentationDelay>40000</PresentationDelay>
				<Mandatory>0</Mandatory>
			</QoSSettings>
			<QoSSettings>
				<CodecVersion>0</CodecVersion>
				<SamplingFrequencyInHz>48000</SamplingFrequencyInHz>
				<SDUIntervalInMicroSecs>7500</SDUIntervalInMicroSecs>
				<Framing>0</Framing>
				<MaxSDUSize>75</MaxSDUSize>
				<RetransmissionNumber>5</RetransmissionNumber>
				<MaxTransportLatency>15</MaxTransportLatency>
				<PresentationDelay>40000</PresentationDelay>
				<Mandatory>0</Mandatory>
			</QoSSettings>
			<QoSSettings>
				<CodecVersion>0</CodecVersion>
				<SamplingFrequencyInHz>48000</SamplingFrequencyInHz>
				<SDUIntervalInMicroSecs>10000</SDUIntervalInMicroSecs>
				<Framing>0</Framing>
				<MaxSDUSize>100</MaxSDUSize>
				<RetransmissionNumber>5</RetransmissionNumber>
				<MaxTransportLatency>20</MaxTransportLatency>
				<PresentationDelay>40000</PresentationDelay>
				<Mandatory>0</Mandatory>
			</QoSSettings>
			<QoSSettings>
				<CodecVersion>0</CodecVersion>
				<SamplingFrequencyInHz>48000</SamplingFrequencyInHz>
				<SDUIntervalInMicroSecs>7500</SDUIntervalInMicroSecs>
				<Framing>0</Framing>
				<MaxSDUSize>90</MaxSDUSize>
				<RetransmissionNumber>5</RetransmissionNumber>
				<MaxTransportLatency>15</MaxTransportLatency>
				<PresentationDelay>40000</PresentationDelay>
				<Mandatory>0</Mandatory>
			</QoSSettings>
			<QoSSettings>
				<CodecVersion>0</CodecVersion>
				<SamplingFrequencyInHz>48000</SamplingFrequencyInHz>
				<SDUIntervalInMicroSecs>7500</SDUIntervalInMicroSecs>
				<Framing>0</Framing>
				<MaxSDUSize>117</MaxSDUSize>
				<RetransmissionNumber>5</RetransmissionNumber>
				<MaxTransportLatency>15</MaxTransportLatency>
				<PresentationDelay>40000</PresentationDelay>
				<Mandatory>0</Mandatory>
			</QoSSettings>
			<QoSSettings>
				<CodecVersion>0</CodecVersion>
				<SamplingFrequencyInHz>48000</SamplingFrequencyInHz>
				<SDUIntervalInMicroSecs>10000</SDUIntervalInMicroSecs>
				<Framing>0</Framing>
				<MaxSDUSize>155</MaxSDUSize>
				<RetransmissionNumber>5</RetransmissionNumber>
				<MaxTransportLatency>20</MaxTransportLatency>
				<PresentationDelay>40000</PresentationDelay>
				<Mandatory>0</Mandatory>
			</QoSSettings>
		</QosSettingsForLowLatencyMedia>
	</LC3Q>

	<AAR3>
		<CodecCapabilitiesForVoice>
		</CodecCapabilitiesForVoice>

		<CodecCapabilitiesForMedia>
		</CodecCapabilitiesForMedia>

		<QosSettingsForLowLatencyVoice>
		</QosSettingsForLowLatencyVoice>

		<QosSettingsForLowLatencyMedia>
		</QosSettingsForLowLatencyMedia>
	</AAR3>
</GCP_TX>

</LEAudioConfig>

