<?xml version="1.0" encoding="utf-8"?>
<!--
  ~ Copyright (C) 2018 The Android Open Source Project
  ~
  ~ Licensed under the Apache License, Version 2.0 (the "License");
  ~ you may not use this file except in compliance with the License.
  ~ You may obtain a copy of the License at
  ~
  ~      http://www.apache.org/licenses/LICENSE-2.0
  ~
  ~ Unless required by applicable law or agreed to in writing, software
  ~ distributed under the License is distributed on an "AS IS" BASIS,
  ~ WITHOUT WARRANTIES OR CONDITIONS OF ANY KIND, either express or implied.
  ~ See the License for the specific language governing permissions and
  ~ limitations under the License
  -->
<permissions>
    <privapp-permissions package="com.android.settings">
        <permission name="android.permission.ACCESS_CHECKIN_PROPERTIES"/>
        <permission name="android.permission.ACCESS_NOTIFICATIONS"/>
        <permission name="android.permission.BACKUP"/>
        <permission name="android.permission.BATTERY_STATS"/>
        <permission name="android.permission.BLUETOOTH_PRIVILEGED"/>
        <permission name="android.permission.CHANGE_APP_IDLE_STATE"/>
        <permission name="android.permission.CHANGE_CONFIGURATION"/>
        <permission name="android.permission.DELETE_PACKAGES"/>
        <permission name="android.permission.FORCE_STOP_PACKAGES"/>
        <permission name="android.permission.LOCAL_MAC_ADDRESS"/>
        <permission name="android.permission.LOG_COMPAT_CHANGE" />
        <permission name="android.permission.MANAGE_DEBUGGING"/>
        <permission name="android.permission.MANAGE_DEVICE_ADMINS"/>
        <permission name="android.permission.MANAGE_FINGERPRINT"/>
        <permission name="android.permission.MANAGE_GAME_MODE" />
        <permission name="android.permission.MANAGE_USB"/>
        <permission name="android.permission.MANAGE_USERS"/>
        <permission name="android.permission.MANAGE_USER_OEM_UNLOCK_STATE" />
        <permission name="android.permission.MASTER_CLEAR"/>
        <permission name="android.permission.MEDIA_CONTENT_CONTROL"/>
        <permission name="android.permission.MODIFY_PHONE_STATE"/>
        <permission name="android.permission.MOUNT_UNMOUNT_FILESYSTEMS"/>
        <permission name="android.permission.MOVE_PACKAGE"/>
        <permission name="android.permission.OVERRIDE_COMPAT_CHANGE_CONFIG" />
        <permission name="android.permission.OVERRIDE_WIFI_CONFIG"/>
        <permission name="android.permission.PACKAGE_USAGE_STATS"/>
        <permission name="android.permission.READ_COMPAT_CHANGE_CONFIG" />
        <permission name="android.permission.READ_PRIVILEGED_PHONE_STATE"/>
        <permission name="android.permission.READ_SEARCH_INDEXABLES"/>
        <permission name="android.permission.REBOOT"/>
        <permission name="android.permission.STATUS_BAR"/>
        <permission name="android.permission.SUGGEST_MANUAL_TIME_AND_ZONE"/>
        <permission name="android.permission.TETHER_PRIVILEGED"/>
        <permission name="android.permission.USE_RESERVED_DISK"/>
        <permission name="android.permission.USER_ACTIVITY"/>
        <permission name="android.permission.WRITE_APN_SETTINGS"/>
        <permission name="android.permission.WRITE_MEDIA_STORAGE"/>
        <permission name="android.permission.MANAGE_EXTERNAL_STORAGE"/>
        <permission name="android.permission.WRITE_SECURE_SETTINGS"/>
        <permission name="android.permission.CONTROL_DISPLAY_COLOR_TRANSFORMS" />
        <permission name="android.permission.INSTALL_DYNAMIC_SYSTEM"/>
        <permission name="android.permission.READ_DREAM_STATE"/>
        <permission name="android.permission.READ_DREAM_SUPPRESSION"/>
        <permission name="android.permission.RESTART_WIFI_SUBSYSTEM"/>
        <permission name="android.permission.READ_SAFETY_CENTER_STATUS" />
        <permission name="android.permission.SEND_SAFETY_CENTER_UPDATE" />
    </privapp-permissions>
</permissions>
