<?xml version="1.0" encoding="utf-8"?>
<!--
  ~ Copyright (C) 2018 The Android Open Source Project
  ~
  ~ Licensed under the Apache License, Version 2.0 (the "License");
  ~ you may not use this file except in compliance with the License.
  ~ You may obtain a copy of the License at
  ~
  ~      http://www.apache.org/licenses/LICENSE-2.0
  ~
  ~ Unless required by applicable law or agreed to in writing, software
  ~ distributed under the License is distributed on an "AS IS" BASIS,
  ~ WITHOUT WARRANTIES OR CONDITIONS OF ANY KIND, either express or implied.
  ~ See the License for the specific language governing permissions and
  ~ limitations under the License
  -->
<permissions>
    <privapp-permissions package="com.android.systemui">
        <permission name="android.permission.CAPTURE_AUDIO_OUTPUT"/>
        <permission name="android.permission.ALLOW_SLIPPERY_TOUCHES"/>
        <permission name="android.permission.BATTERY_STATS"/>
        <permission name="android.permission.BIND_APPWIDGET"/>
        <permission name="android.permission.BLUETOOTH_PRIVILEGED"/>
        <permission name="android.permission.CHANGE_COMPONENT_ENABLED_STATE"/>
        <permission name="android.permission.CHANGE_DEVICE_IDLE_TEMP_WHITELIST"/>
        <permission name="android.permission.CHANGE_OVERLAY_PACKAGES"/>
        <permission name="android.permission.CONTROL_KEYGUARD_SECURE_NOTIFICATIONS"/>
        <permission name="android.permission.CONTROL_REMOTE_APP_TRANSITION_ANIMATIONS"/>
        <permission name="android.permission.CONTROL_VPN"/>
        <permission name="android.permission.DUMP"/>
        <permission name="android.permission.GET_APP_OPS_STATS"/>
        <permission name="android.permission.INTERACT_ACROSS_USERS"/>
        <permission name="android.permission.MANAGE_DEBUGGING"/>
        <permission name="android.permission.MANAGE_GAME_MODE" />
        <permission name="android.permission.MANAGE_SENSOR_PRIVACY"/>
        <permission name="android.permission.MANAGE_USB"/>
        <permission name="android.permission.MANAGE_USERS"/>
        <permission name="android.permission.MASTER_CLEAR"/>
        <permission name="android.permission.MEDIA_CONTENT_CONTROL"/>
        <permission name="android.permission.MODIFY_AUDIO_ROUTING" />
        <permission name="android.permission.MODIFY_DAY_NIGHT_MODE"/>
        <permission name="android.permission.MODIFY_PHONE_STATE"/>
        <permission name="android.permission.MOUNT_UNMOUNT_FILESYSTEMS"/>
        <permission name="android.permission.OBSERVE_NETWORK_POLICY"/>
        <permission name="android.permission.OBSERVE_GRANT_REVOKE_PERMISSIONS" />
        <permission name="android.permission.OVERRIDE_WIFI_CONFIG"/>
        <permission name="android.permission.PACKAGE_USAGE_STATS" />
        <permission name="android.permission.READ_DREAM_STATE"/>
        <permission name="android.permission.READ_FRAME_BUFFER"/>
        <permission name="android.permission.READ_NETWORK_USAGE_HISTORY"/>
        <permission name="android.permission.READ_PRIVILEGED_PHONE_STATE"/>
        <permission name="android.permission.REAL_GET_TASKS"/>
        <permission name="android.permission.REQUEST_NETWORK_SCORES"/>
        <permission name="android.permission.RECEIVE_MEDIA_RESOURCE_USAGE"/>
        <permission name="android.permission.SET_WALLPAPER_DIM_AMOUNT"/>
        <permission name="android.permission.START_ACTIVITIES_FROM_BACKGROUND" />
        <permission name="android.permission.START_ACTIVITY_AS_CALLER"/>
        <permission name="android.permission.START_TASKS_FROM_RECENTS"/>
        <permission name="android.permission.STATUS_BAR"/>
        <permission name="android.permission.STOP_APP_SWITCHES"/>
        <permission name="android.permission.SUBSTITUTE_NOTIFICATION_APP_NAME"/>
        <permission name="android.permission.TETHER_PRIVILEGED"/>
        <permission name="android.permission.UPDATE_APP_OPS_STATS"/>
        <permission name="android.permission.USE_RESERVED_DISK"/>
        <permission name="android.permission.WATCH_APPOPS"/>
        <permission name="android.permission.WRITE_DREAM_STATE"/>
        <permission name="android.permission.WRITE_MEDIA_STORAGE"/>
        <permission name="android.permission.MANAGE_EXTERNAL_STORAGE"/>
        <permission name="android.permission.WRITE_SECURE_SETTINGS"/>
        <permission name="android.permission.WRITE_EMBEDDED_SUBSCRIPTIONS"/>
        <permission name="android.permission.CONTROL_DISPLAY_COLOR_TRANSFORMS" />
        <permission name="android.permission.CAMERA_OPEN_CLOSE_LISTENER" />
        <permission name="android.permission.READ_WIFI_CREDENTIAL" />
        <permission name="android.permission.USE_BACKGROUND_BLUR" />
        <permission name="android.permission.BROADCAST_CLOSE_SYSTEM_DIALOGS" />
        <permission name="android.permission.FORCE_STOP_PACKAGES" />
        <permission name="android.permission.ACCESS_FPS_COUNTER" />
        <permission name="android.permission.CHANGE_CONFIGURATION" />
        <permission name="android.permission.LOG_COMPAT_CHANGE" />
        <permission name="android.permission.READ_COMPAT_CHANGE_CONFIG" />
        <permission name="android.permission.READ_DEVICE_CONFIG" />
        <permission name="android.permission.READ_SAFETY_CENTER_STATUS" />
        <permission name="android.permission.SET_UNRESTRICTED_KEEP_CLEAR_AREAS" />
    </privapp-permissions>
</permissions>
